-0.49231,0.9399,-1.4923,-0.065869,2.0899,3.5664,2.5416,0.95404
21.307,27.253,35.554,34.76,29.473,34.207,35.438,35.948
52.511,49.554,38.713,68.474,65.466,51.684,51.384,44.314
8.5788,9.3513,9.4552,9.8227,9.2857,10.667,9.9581,7.8283
11.924,9.5034,13.036,9.3779,8.654,14.941,15.418,6.3097
5.392,2.4363,2.2131,2.1378,3.6774,3.6674,2.8063,1.5203
-6.6076,-4.6995,-4.3788,-3.0105,-5.8604,-8.12,-9.0406,-3.7123
39.146,33.263,39.476,35.286,37.3,41.606,30.176,37.484
-21.612,-22.87,-15.256,-26.46,-14.569,-27.128,-25.774,-31.502
44.763,72.411,70.11,68.953,59.289,80.207,69.57,77.375
-24.464,-18.564,-20.424,-35.62,-12.012,-24.276,-26.975,-24.271
-16.08,-19.255,-21.967,-20.143,-16.26,-14.627,-18.733,-16.136
-20.902,-28.408,-14.835,-20.69,-31.136,-14.002,-18.964,-26.951
-21.56,-20.703,-22.127,-23.485,-17.204,-23.03,-21.818,-18.328
28.855,28.595,27.569,28.906,29.031,29.766,35.134,31.064
39.604,35.716,38.689,37.487,31.277,36.105,39.653,35.796
-25.698,-21.233,-21.384,-23.956,-21.733,-22.667,-19.919,-27.365
30.184,32.487,28.408,29.859,25.462,29.999,32.511,27.858
16.251,17.155,14.808,11.704,10.584,8.605,4.5667,10.16
1.6707,-6.9755,1.4868,-1.976,-2.212,-10.042,-3.537,-5.3093
54.203,73.713,52.775,64.809,54.197,64.681,53.277,55.604
-3.5801,-2.6946,-5.1488,-1.6794,-5.5998,-4.4963,-4.5449,-6.4724
38.116,40.398,36.324,36.405,36.365,31.35,35.338,39.203
96.011,104.09,86.959,105.66,94.554,82.863,99.333,94.376
33.685,30.689,28.127,42.67,37.882,37.125,32.975,33.727
-8.7621,-4.9292,-6.1739,-2.2215,-3.0798,-2.041,-7.217,-1.3779
80.534,73.783,99.185,68.66,99.023,91.373,108.24,61.673
-8.317,-10.569,-9.199,-11.071,-11.519,-10.786,-10.643,-10.891
-13.775,-13.168,-19.231,-18.055,-9.3058,-16.431,-20.323,-12.665
74.415,101.55,78.524,95.355,90.301,100.82,97.528,100.5
91.831,100.59,91.573,94.869,87.803,86.042,96.464,95.488
71.938,91.75,80.042,79.982,85.132,72.376,79.618,65.386
40.524,40.847,43.518,41.251,33.711,34.675,39.334,32.478
29.228,36.519,28.025,25.262,29.315,31.362,34.113,26.714
87.711,96.063,112.05,94.149,100.35,98.663,100.91,94.651
12.442,12.534,8.9258,16.369,9.7703,12.778,11.422,8.8495
10.792,13.055,9.076,10.244,12.206,9.9072,9.0602,10.32
-18.108,-13.862,-14.671,-20.884,-14.302,-14.238,-18.035,-7.9535
85.808,62.21,87.017,88.015,101.15,94.433,99.291,97.683
-11.999,-10.186,-9.4958,-8.0129,-8.2429,-8.057,-11.98,-5.7085
20.014,28.637,34.62,38.463,27.249,30.29,38.077,29.979
13.165,7.1573,11.743,14.262,11.669,11.58,12.801,10.57
3.8775,4.5372,9.2722,15.693,12.604,5.5342,13.355,4.6469
-6.0087,-4.3586,1.2652,3.1901,-3.1404,-2.6358,-2.8177,-1.9723
1.4994,2.4252,0.42147,2.8792,1.9648,1.123,-0.35584,1.9996
-6.3057,-5.5813,-6.9541,-2.8484,-3.4175,-2.9943,-4.5423,-1.4298
-11.359,-13.228,-12.247,-7.5015,-9.3637,-13.233,-10.693,-11.307
56.22,42.207,48.56,64.162,55.716,61.198,67.578,75.582
-15.091,-19.201,-13.744,-18.151,-18.119,-16.592,-16.222,-15.815
-9.0961,-11.075,-8.1231,-8.0328,-12.828,-5.7773,-3.4942,-5.2924
26.618,36.178,27.998,21.929,19.462,34.691,27.87,16.717
32.236,34.701,39.091,37.741,30.237,33.385,42.419,21.402
-20.915,-15.771,-15.354,-14.172,-16.248,-17.014,-12.56,-16.291
-20.572,-18.9,-20.628,-20.083,-23.564,-21.465,-22.389,-19.825
101.97,57.521,65.928,66.713,86.988,53.484,68.459,70.637
-7.8269,-12.224,-12.449,-13.095,-2.6072,-14.025,-7.3585,-10.159
54.029,96.506,73.134,62.45,80.99,78.133,55.206,65.456
1.0074,3.3483,-3.0447,-0.44203,4.6039,1.2511,0.16827,-1.8523
65.714,56.548,70.6,57.554,52.022,67.248,56.802,51.086
39.284,36.697,40.078,40.817,35.528,35.759,40.61,34.876
-19.7,-22.26,-21.595,-20.035,-23.339,-21.157,-17.212,-18.357
11.021,13.849,13.968,8.549,16.476,12.36,10.857,9.3315
104.07,77.956,94.243,88.385,83.046,67.51,102.87,76.124
31.871,24.493,43.595,28.679,33.888,42.197,33.495,27.829
-11.897,-9.8287,-10.821,-8.593,-9.9399,-11.986,-11.248,-9.4292
40.24,28.535,36.077,38.694,36.94,43.242,33.246,35.713
-17.615,-23.206,-17.713,-26.971,-25.78,-22.896,-17.686,-19.295
71.542,56.071,80.174,56.611,57.934,71.746,107.06,77.759
-15.851,-17.076,-11.66,-22.029,-19.871,-18.564,-14.694,-17.93
-21.567,-30.428,-11.567,-23.247,-24.361,-23.144,-16.705,-23.93
-12.195,-16.95,-14.629,-14.962,-19.906,-18.259,-18.437,-20.874
37.14,36.192,34.406,37.296,35.847,33.662,36.494,36.865
-20.183,-10.674,-19.285,-15.56,-19.272,-14.153,-20.172,-21.288
36.053,36.387,35.702,38.882,43.954,45.501,30.967,39.823
-19.154,-20.056,-26.898,-25.243,-28.015,-24.119,-22.573,-20.845
35.027,40.288,34.53,38.702,28.783,40.683,38.732,36.098
-15.905,-16.197,-19.842,-16.527,-20.39,-17.78,-18.718,-10.551
72.057,73.322,69.216,76.265,65.351,75.953,38.959,76.125
91.624,95.193,85.158,87.223,94.96,83.697,99.197,92.221
-7.6447,-2.3778,-1.9317,-8.2638,-2.861,-7.8563,-6.5729,0.33549
36.386,37.251,35.816,38.111,34.834,40.49,35.886,34.87
-20.479,-18.928,-19.513,-35.022,-20.671,-22.244,-26.401,-25.929
39.926,39.866,47.469,59.009,55.133,65.56,51.199,48.634
68.117,77.46,74.534,74.729,59.148,72.243,77.447,75.1
-2.5801,-5.5407,-5.7116,-6.8387,-1.1341,-1.0319,-0.68802,-4.6672
-26.234,-24.613,-23.692,-17.676,-15.17,-18.99,-15.621,-13.577
48.35,47.282,46.93,52.548,50.026,42.688,41.05,47.538
42.986,46.312,56.679,40.658,58.355,59.737,38.93,50.638
-12.68,-5.5679,-10.546,-10.151,-9.441,-6.8717,-13.53,-13.569
50.259,63.452,54.526,44.8,39.065,33.743,32.701,46.787
-17.878,-20.299,-23.434,-17.343,-21.212,-22.115,-23.079,-21.349
13.532,12.802,9.7946,14.819,9.2111,7.521,12.518,14.529
44.077,37.549,33.563,29.426,39.6,39.409,36.086,34.104
28.097,28.928,32.781,30.755,27.798,32.89,31.815,30.671
31.441,29.652,34.328,28.641,21.74,23.079,31.247,19.576
34.558,29.62,22.541,37.668,22.465,29.767,39.359,25.602
2.4988,-0.23495,4.4064,2.8239,-0.27952,3.0711,3.516,-1.0447
91.338,85.17,75.685,50.412,76.82,94.892,47.825,63.902
24.222,36.076,31.825,23.044,23.746,26.101,24.743,37.505
27.293,33.741,28.264,32.361,28.315,39.567,34.257,34.259
-3.8957,-1.4177,-5.501,-8.298,-5.7387,-7.9771,-1.8424,0.91257
31.121,22.171,35.634,25.345,35.341,30.302,36.661,30.777
-14.128,-16.875,-14.562,-11.629,-18.388,-14.232,-18.921,-16.093
32.159,33.894,38.104,38.285,31.667,43.275,39.715,33.869
-16.709,-7.522,-11.247,-6.4627,-10.685,-8.9803,-11.572,-7.097
-20.066,-13.279,-23.887,-24.526,-20.84,-35.732,-28.474,-11.973
-20.105,-25.078,-19.563,-18.523,-20.162,-16.078,-25.569,-13.572
32.358,33.592,28.248,25.151,29.814,34.756,36.472,30.753
33.211,35.495,35.061,38.969,37.785,39.586,38.128,36.986
-3.862,0.075437,-2.7042,-9.5759,-0.17344,-0.10436,-4.9244,-0.98354
-20.159,-17.29,-17.253,-22.025,-21.651,-23.147,-21.45,-20.806
3.1137,3.8695,-1.1688,4.6079,3.2686,-0.6723,1.4019,3.6001
13.445,17.832,11.587,11.917,4.2521,7.4814,11.35,14.382
13.727,14.84,11.724,5.4317,5.6383,18.833,13.526,15.57
-9.96,-13.552,-11.857,-11.882,-13.14,-11.819,-11.203,-12.864
32.266,30.74,25.26,38.006,45.214,28.417,27.35,48.087
36.927,41.085,37.209,39.224,33.673,41.134,41.238,37.921
-15.229,-18.423,-16.292,-18.324,-13.976,-13.553,-8.9016,-19.878
30.685,28.811,36.268,28.683,39.656,28.816,29.314,26.743
11.742,10.107,9.8786,10.62,12.036,10.414,9.5542,10.174
33.207,33.993,30.563,36.902,38.474,38.552,34.047,40.249
104.66,101.92,102.03,104.16,82.133,88.037,85.761,89.66
-0.49158,0.96333,-1.1812,4.3649,1.4796,3.7643,0.66008,-1.417
46.442,39.839,62.692,53.41,52.248,51.388,52.668,51.26
1.8688,-0.74847,2.0019,2.0061,1.4548,2.8807,0.49749,-0.48443
-24.424,-19.273,-29.224,-17.188,-25.772,-18.481,-14.226,-22.562
1.8506,1.5006,-2.7596,-0.68687,3.1817,4.9469,0.83077,2.6119
11.245,12.603,12.541,12.908,13.458,11.189,15.449,9.5875
-15.997,-27.888,-22.918,-24.812,-16.386,-18.16,-12.039,-27.1
-25.611,-21.438,-34.765,-26.693,-19.303,-22.148,-24.134,-24.675
5.6762,13.565,13.94,13.862,10.854,12.135,10.721,12.505
32.848,25.888,26.114,30.138,29.527,28.016,35.619,28.127
-18.442,-17.865,-20.016,-20.958,-22.613,-19.374,-21.531,-20.667
14.715,8.3591,12.382,14.728,8.7426,15.396,13.789,6.1897
8.2584,10.449,9.9339,9.4679,11.435,9.6017,10.673,10.591
33.268,36.452,31.312,22.829,33.198,38.889,41.58,34.047
1.3868,2.9591,4.4234,1.2581,1.8125,0.66023,3.4611,2.6499
1.3332,1.1012,1.6872,-0.70583,-0.028722,2.7521,2.5953,1.8742
-21.302,-22.638,-18.881,-20.213,-23.36,-18.825,-20.751,-19.181
40.726,34.045,41.948,58.874,47.536,35.783,48.155,38.145
3.3541,4.3624,1.8642,2.17,0.99553,-2.0413,5.4347,3.4395
51.455,47.086,51.611,45.816,54.397,63.245,38.534,39.576
-4.7687,-2.0554,-4.1071,-0.67687,-5.9299,-0.23309,-8.4747,-6.2387
-13.066,-13.511,-12.263,-11.126,-11.287,-10.294,-12.936,-12.937
35.763,33.03,27.753,34.822,41.215,38.504,45.529,31.753
-21.013,-18.096,-21.809,-25.109,-19.598,-17.01,-21.418,-23.062
-20.638,-22.706,-19.472,-19.379,-20.127,-20.898,-21.993,-20.718
0.3288,2.3078,1.5164,3.0567,1.6979,2.85,3.1961,1.3672
69.796,75.54,60.193,59.417,60.234,58.355,45.62,85.7
1.688,1.0791,4.4683,2.5258,3.8043,4.0728,3.698,1.2309
15.881,5.6476,10.326,11.06,9.9207,14.64,9.1637,17.872
46.015,36.17,42.619,40.994,40.766,42.191,55.205,46.981
22.361,36.968,38.008,28.555,29.473,26.371,21.515,29.304
-10.292,-9.3625,-2.2389,-11.471,-13.77,-9.1635,-13.605,-13.954
10.932,8.1503,10.736,11.012,8.5217,9.5585,9.9402,9.6041
-19.026,-28.349,-22.726,-23.62,-22.299,-23.131,-17.227,-26.039
34.507,47.161,32.184,29.32,39.994,41.803,36.098,26.529
26.579,37.752,35.273,29.614,39.667,30.978,30.154,32.062
-5.2675,1.0938,-11.607,-2.2792,-6.3278,-4.0208,-4.5919,-4.0055
-11.1,-9.425,-11.435,-10.203,-9.7002,-10.632,-12.135,-10.329
94.38,114.41,85.923,53.24,68.992,90.079,77.505,69.31
11.271,9.4481,13.136,9.624,10.164,10.429,7.908,10.692
96.787,87.247,55.27,60.535,85.356,74.248,59.126,62.636
59.176,71.123,64.984,74.755,57.226,82.288,98.373,95.675
1.7483,0.4697,3.6218,5.0612,0.49254,1.4882,2.4921,-2.0809
30.064,39.385,33.562,30.754,26.615,22.917,19.82,16.197
54.177,35.61,54.103,52.977,49.661,55.618,47.385,49.543
35.949,28.617,35.738,43.276,35.234,30.205,28.706,35.737
-3.1296,-2.5156,2.9427,-5.771,1.8326,-4.318,-5.6406,-2.6353
37.005,33.193,26.314,44.758,37.272,29.768,21.694,35.434
18.229,22.563,32.984,19.136,25.232,19.432,15.52,33.634
9.022,9.2336,10.713,9.5356,9.2066,7.8275,9.721,12.383
25.654,28.543,30.772,39.31,34.808,41.059,26.857,33.458
-18.654,-18.743,-21.722,-24.215,-22.169,-22.352,-17.086,-16.611
11.442,12.505,6.1735,16.823,12.759,11.167,9.9133,15.362
38.642,29.169,35.326,35.708,37.024,33.555,28.567,44.376
-19.036,-19.684,-19.575,-19.276,-20.321,-21.731,-17.703,-21.889
11.121,7.142,8.9048,11.052,10.544,14.394,4.4686,11.025
28.525,36.676,28.972,30.362,30.944,32.714,31.475,36.693
-18.47,-17.946,-16.502,-13.116,-18.194,-17.207,-16.332,-17.271
-26.058,-17.161,-21.344,-25.593,-25.27,-24.591,-15.272,-23.415
68.668,53.112,60.571,76.649,89.56,63.771,43.819,72.66
-21.311,-21.886,-18.697,-24.317,-16.61,-22.552,-23.056,-15.897
-2.9187,6.95,-0.64691,5.2105,4.8861,2.0403,4.376,2.5323
57.846,46.368,38.469,41.466,59.697,39.775,58.424,39.823
-11.265,-11.585,-12.532,-8.6985,-12.069,-12.104,-11.234,-8.9447
2.0696,0.18363,1.9355,2.7848,4.7572,2.1731,0.79034,4.8103
-11.528,-10.687,-11.557,-11.954,-12.19,-11.553,-12.521,-11.609
-10.564,-11.957,-10.187,-12.665,-12.492,-9.9104,-9.6512,-11.595
0.17482,0.48054,3.7833,-0.84379,4.8654,5.7946,2.2801,-0.096995
-12.821,-23.857,-25.005,-25.882,-25.779,-19.992,-17.182,-16.723
110.93,90.239,92.205,105.83,88.865,104.17,98.982,81.263
12.612,11.449,12.179,14.065,15.296,9.9013,13.965,18.355
27.452,24.553,35.119,32.743,18.451,29.728,32.987,37.591
36.128,44.764,17.407,24.912,24.8,34.698,35.323,32.921
-2.5394,-3.349,-7.5437,-2.6789,-8.3192,-0.022152,-8.5211,-1.8158
-16.762,-32.699,-23.171,-27.94,-18.312,-23.441,-38.98,-29.034
36.357,36.336,35.24,33.207,41.486,42.102,33.413,30.096
-19.013,-22.408,-20.087,-23.39,-22.142,-30.278,-21.129,-28.969
11.287,9.3063,10.718,8.0109,7.6132,9.4351,11.09,8.6954
93.008,90.598,97.321,81.744,91.069,91.306,98.053,88.972
-19.624,-19.254,-21.199,-17.562,-21.456,-23.083,-22.624,-19.162
-10.735,-11.92,-10.435,-13.822,-12.69,-10.175,-11.312,-11.293
-4.7752,-11.244,-11.48,-10.072,-13.534,-10.706,-8.2768,-11.771
-20.776,-23.382,-23.406,-19.527,-21.092,-17.793,-17.991,-19.919
51.149,67.946,80.425,54.77,68.469,58.118,44.994,69.037
-21.645,-26.126,-20.3,-29.636,-22.631,-14.675,-25.994,-33.163
56.751,36.748,61.269,65.863,60.874,44.224,65.994,66.239
-11.666,-11.075,-11.219,-8.5489,-11.333,-13.354,-11.824,-11.466
14.846,11.427,13.269,15.063,10.359,15.152,15.503,10.338
20.714,11.124,12.286,12.266,14.104,12.82,14.902,9.943
39.397,34.831,44.024,39.645,33.198,36.746,33.68,39.527
85.029,69.773,68.402,78.301,110.27,94.09,89.251,78.365
-22.385,-20.534,-21.374,-21.478,-22.61,-19.685,-21.44,-21
-0.5382,3.5971,0.4603,-0.11878,6.6106,2.9006,1.9714,0.91893
95.039,87.716,104.57,94.218,102.34,99.034,90.449,93.284
40.301,39.721,35.709,59.902,61.332,33.151,58.569,37.839
-16.609,-20.714,-18.791,-19.14,-18.902,-20.76,-20.016,-20.762
3.4074,4.7307,5.7551,1.9262,2.7642,2.6964,1.8955,-0.14634
2.9884,0.58297,5.3666,3.0821,-0.28123,1.7612,3.3661,-2.4629
29,29.185,27.033,33.92,23.535,29.621,31.876,31.282
-21.404,-21.688,-21.881,-19.313,-21.322,-21.656,-21.801,-19.712
94.864,78.233,94.614,89.074,89.73,96.629,100.48,92.65
65.912,90.347,74.225,72.149,41.251,60.206,91.646,78.043
83.957,79.712,86.021,96.498,83.773,70.556,95.28,95.472
9.1945,11.069,12.068,13.526,7.9283,14.402,11.629,13.357
1.0533,1.8893,5.2266,1.1255,-1.8401,0.52305,-0.049588,3.8464
57.417,64.475,80.564,70.515,70.807,57.934,68.303,57.843
69.321,62.673,92.097,70.541,58.293,83.135,74.117,82.451
-1.2446,2.8466,-1.67,3.0405,3.6598,2.2455,-1.6304,1.3737
-4.267,-2.0358,-5.2325,1.2239,-3.4741,-4.9401,-4.4228,-5.4535
-18.353,-21.837,-22.429,-17.991,-18.128,-22.449,-20.674,-20.106
-12.943,-13.561,-11.024,-11.804,-11.384,-11.159,-11.664,-11.631
7.6313,16.18,11.955,15.462,9.9655,4.0887,11.608,15.563
-9.2157,-9.6404,-13.152,-11.04,-12.922,-11.369,-10.532,-10.659
-8.1489,1.5743,-4.3508,-5.9178,-7.662,-5.9167,-0.92583,-4.0696
-21.122,-19.215,-23.665,-21.07,-19.274,-19.446,-17.712,-18.779
-0.7183,0.95527,1.1926,-2.9789,-0.94958,2.5297,-1.8171,-1.6468
-16.056,-10.823,-13.516,-18.439,-18.142,-20.725,-12.731,-23.174
34.996,36.49,39.611,36.872,46.462,32.423,41.267,33.166
27.052,38.731,43.861,37.766,35.524,45.08,37.734,43.854
-25.718,-21.608,-18.374,-25.237,-19.523,-26.492,-21.085,-19.801
33.406,40.39,37.282,43.554,40.898,34.315,38.478,29.633
40.097,34.091,36.713,40.788,31.674,33.684,32.935,39.411
-7.3798,-4.188,-3.1118,-1.3632,-0.77966,-3.2441,-0.60002,-3.4379
-25.513,-19.215,-28.634,-23.305,-19.516,-22.097,-28.796,-29.138
-13.423,-10.858,-12.518,-19.817,-13.207,-4.9701,-12.797,-10.002
52.419,46.861,54.304,52.717,37.218,39.314,50.618,53.214
-6.4555,-7.6048,-1.5885,-5.4844,-2.4062,2.3997,-1.4245,-9.1863
38.398,31.487,41.463,35.704,35.795,35.501,36.432,36.311
-16.582,-9.3398,-19.728,-22.138,-12.258,-27.971,-18.742,-19.215
2.5289,4.1867,0.66239,3.8261,3.5921,6.2811,2.0791,1.2435
0.38018,0.94069,-1.2796,0.75562,1.254,-0.97218,5.9395,3.5686
93.177,107.03,90.766,92.763,92.093,93.21,96.968,93.878
-1.2508,1.0372,-1.9193,2.3943,3.6558,1.1954,3.2072,1.1077
-21.344,-21.176,-24.038,-19.859,-24.001,-23.189,-18.094,-19.781
-7.5838,-5.632,-11.053,-13.156,-13.447,-15.123,-6.005,-7.0883
96.874,109.77,103.44,100.02,93.445,100.33,107.09,107.42
45.252,44.703,52.472,66.613,40.916,49.772,53.524,31.989
35.235,43.713,33.908,39.498,38.085,35.598,37.319,36.49
2.377,2.153,5.7323,4.7709,1.9882,3.055,3.6513,1.0201
-12.859,-11.187,-11.473,-12.134,-11.075,-10.167,-11.133,-13.397
-19.421,-23.051,-23.134,-19.281,-21.518,-21.26,-24.813,-23.534
99.63,101.35,109.25,99.608,81.629,99.191,87.458,89.302
18.05,34.144,30.319,33.585,32.878,32.34,23.9,25.292
70.193,63.912,74.243,66.499,67.592,45.575,71.072,63.031
17.49,11.608,9.6369,9.9773,18.138,12.486,13.303,10.761
-17.698,-12.248,-13.001,-11.474,-19.393,-12.837,-13.991,-7.4992
-11.923,-12.955,-12.496,-11.769,-12.63,-8.3817,-12.808,-11.264
8.7544,15.689,12.632,12.447,12.323,8.7435,10.264,15.996
31.049,33.109,34.279,31.227,28.975,40.492,32.429,32.032
40.242,45.241,53.121,56.733,45.559,59.694,48.786,41.674
45.533,35.641,39.476,31.12,37.589,43.045,32.056,39.351
40.236,36.193,36.905,36.58,36.963,37.169,43.133,35.551
3.2139,2.5833,0.80542,2.4787,2.6608,1.9089,-2.1639,0.71996
-17.2,-11.611,-29.174,-26.52,-22.748,-18.324,-29.505,-22.569
35.31,40.801,33.22,33.729,37.594,37.983,32.447,40.766
32.248,22.649,38.655,26.089,22.732,31.485,39.408,31.049
9.9846,12.043,12.173,10.788,13.305,12.638,9.4007,8.1775
36.846,38.76,25.953,40.575,39.111,41.098,39.576,36.307
27.977,28.493,33.238,37.503,35.964,31.924,38.475,30.541
-10.21,-9.0316,-12.174,-10.381,-9.2775,-14.205,-14.908,-12.262
-20.394,-25.241,-28.344,-21.011,-21.93,-16.606,-23.699,-23.576
-26.419,-19.013,-20.195,-20.781,-18.833,-22.823,-21.77,-21.382
7.1922,4.4364,2.4783,1.0981,1.005,0.47312,2.1254,-0.59848
42.463,51.326,53.591,23.024,51.28,53.29,32.902,50.633
-11.255,-10.342,-12.634,-9.8008,-11.475,-9.6075,-10.645,-9.9769
16.532,15.55,12.043,13.844,11.699,14.517,9.6422,11.321
61.558,47.418,49.931,51.115,39.831,59.502,42.709,35.163
37.911,37.79,28.079,34.69,33.991,24.599,31.399,32.094
15.372,13.096,8.0066,12.929,11.292,12.457,14.248,12.8
2.9554,1.4587,2.2552,4.9148,3.119,4.512,1.7802,0.34047
-21.58,-18.064,-14.691,-22.056,-23.908,-28.786,-17.089,-26.547
14.008,21.297,24.797,19.298,37.829,28.932,41.765,32.739
-21.286,-20.478,-26.224,-21.694,-16.532,-26.842,-14.28,-18.368
-7.7796,-5.1481,-5.3033,-2.1588,-4.011,-5.6304,-2.0947,-1.0341
-28.236,-14.113,-18.469,-17.101,-10.266,-16.759,-20.253,-22.766
1.6594,3.7563,5.4294,2.6358,0.91345,3.253,-0.19816,4.8842
3.2215,6.646,3.8026,2.9979,3.7076,-0.67048,0.40221,3.0527
37.279,39.355,35.617,38.835,43.101,39.13,35.585,35.185
51.004,40.347,43.88,31.949,45.586,47.49,58.802,43.666
-10.919,-12.915,-9.7517,-3.1669,-11.955,-8.9499,-8.1012,-11.814
-0.19171,1.1276,-1.3279,-0.73216,1.0211,2.9276,2.2143,2.9602
-9.8101,-12.847,-10.765,-10.976,-15.515,-14.184,-8.9885,-8.7847
13.153,11.97,14.662,13.599,17.023,10.206,14.813,10.7
66.397,73.655,85.37,61.508,57.448,72.527,89.261,73.917
63.72,59.941,49.078,92.752,85.572,81.487,100.37,90.674
9.778,10.25,10.694,7.2983,9.9358,10.626,10.688,8.3886
26.885,34.189,27.433,34.342,18.338,27.708,41.528,7.6495
-0.64423,-3.3168,0.86066,-0.21534,-0.52552,0.11829,-0.42183,-2.5702
10.495,7.5702,12.026,9.0419,10.325,11.313,12.03,9.61
9.2861,6.0579,17.551,11.999,8.094,7.4591,17.48,12.916
-15.036,-16.995,-16.907,-14.862,-12.541,-15.646,-20.309,-13.605
94.172,79.827,73.259,111.37,62.167,75.062,80.61,79.04
54.939,72.902,50.24,46.187,53.43,55.691,69.317,55.392
31.425,29.634,45.679,34.811,37.517,38.579,44.629,41.714
1.0295,0.50498,0.16583,3.9948,2.2228,5.1166,2.5467,2.5337
46.055,32.213,18.659,30.094,40.495,47.305,35.292,32.443
-11.188,-12.341,-10.998,-11.202,-11.497,-12.782,-11.985,-12.003
4.6126,2.6365,1.9338,5.5952,1.346,0.81137,3.4912,5.19
-11.263,-11.799,-10.445,-12.058,-12.917,-10.227,-11.308,-13.486
-19.7,-25.457,-22.081,-19.6,-22.344,-20.283,-30.547,-14.113
67.921,76.753,73.758,51.361,82.199,51.876,71.397,66.051
-9.3689,-10.426,-10.589,-11.805,-13.669,-11.228,-10.128,-10.438
30.59,40.812,26.443,44.927,39.031,39.997,40.388,31.146
-8.7692,-10.596,-6.4262,-10.227,-8.774,-10.854,-14.721,-14.794
3.239,-1.4687,1.2557,1.426,3.834,4.8952,2.5689,2.2737
54.538,57.31,58.634,45.452,61.961,53.707,69.351,62.648
13.3,11.858,14.462,4.1149,14.15,19.038,8.2825,12.168
2.7697,2.7202,0.058593,-0.21552,-0.72138,0.91915,0.81942,-0.4533
-24.19,-18.545,-19.024,-22.289,-25.781,-30.908,-22.896,-28.12
84.396,56.729,80.888,75.095,52.337,93.466,50.583,94.766
-19.148,-18.808,-11.548,-26.795,-21.602,-20.57,-27.206,-21.702
30.382,37.998,39.706,41.166,34.837,32.584,33.27,29.151
79.263,62.686,64.401,71.52,94.893,86.419,87.387,65.001
-1.5649,-2.9792,-8.1093,0.5725,1.8544,-5.0551,-3.0356,-1.2078
12.338,9.2987,3.553,7.9606,14.106,13.766,16.818,9.768
66.201,97.476,75.974,50.517,57.879,60.732,55.254,70.439
-5.613,-15.328,-8.9427,-8.3169,-9.8753,-12.634,-11.856,-12.004
8.8812,9.3519,9.6436,8.8824,7.4525,8.1304,9.4227,9.8431
102.83,45.823,63.596,58.283,91.925,93.405,87.756,86.776
67.436,87.99,93.694,89.381,87.07,97.611,102.57,84.987
10.397,10.206,11.917,15.747,16.301,8.3774,12.135,11.138
29.272,26.317,37.024,27.897,25.823,36.375,33.916,15.906
-18.393,-23.277,-18.463,-16.181,-19.61,-19.112,-18.25,-18.735
11.248,10.169,7.4816,11.188,9.4197,9.6817,8.4341,10.847
-0.29753,1.4909,1.7346,-0.49827,1.8973,-2.4185,3.698,2.1946
-19.178,-24.34,-20.218,-11.81,-21.9,-23.762,-9.0301,-23.244
-18.995,-18.751,-24.758,-20.617,-30.223,-23.465,-25.161,-27.784
-12.828,-9.9124,-10.126,-9.6351,-9.8113,-11.884,-9.7425,-11.014
-20.952,-17.106,-21.017,-18.53,-21.96,-22.579,-24.509,-23.986
-3.9561,-3.3735,-11.424,-5.2559,-10.093,-10.676,-4.3639,-6.8107
39.869,41.852,21.122,22.435,32.018,34.06,41.332,41.836
54.761,36.988,34.304,62.473,66.155,60.591,50.065,45.067
-22.565,-20.659,-16.06,-23.44,-17.049,-11.278,-22.176,-24.619
13.391,11.636,6.8552,16.17,13.662,9.232,10.432,8.1783
69.532,56.914,97.39,69.021,77.792,63.168,71.049,83.606
-4.3465,-7.3905,-5.1799,-6.7478,-5.3707,-5.5374,-0.99627,0.077259
60.754,77.931,79.537,77.272,96.803,88.016,60.384,80.228
-18.392,-21.923,-25.747,-20.824,-25.537,-19.766,-23.116,-32.225
0.65991,-2.06,-0.71359,3.3573,1.1278,0.54078,4.4521,3.0042
103.35,95.372,91.909,88.756,99.503,108.34,91.6,99.06
34.01,40.071,35.708,38.6,38.635,37.97,41.367,34.81
-10.746,-7.7553,-8.1006,-8.0802,-9.1607,-7.2339,-11.993,-11.862
-17.888,-16.989,-27.95,-13.94,-22.489,-19.854,-20.548,-19.264
2.9307,-5.7608,3.8427,0.79073,3.926,2.3952,-1.3354,-0.009173
40.139,66.385,62.877,36.721,55.328,35.273,44.528,59.334
44.313,41.043,46.315,43.436,39.5,51.062,49.863,42.631
59.009,60.071,74.753,64.589,68.036,69.625,42.385,70.308
70.51,76.138,72.818,66.946,85.948,70.013,68.622,81.53
101.35,90.484,97.63,84.634,93.153,92.702,96.549,77.381
30.808,41.668,33.272,39.035,40.14,42.371,34.697,36.953
43.144,33.101,28.969,28.396,31.446,31.481,32.739,30.197
29.127,30.732,29.005,23.315,32.671,31.384,32.935,27.961
-27.266,-17.79,-27.318,-16.034,-18.466,-12.999,-30.093,-19.883
35.382,26.38,23.716,31.688,33.813,24.661,34.91,35.307
36.485,26.35,33.882,26.69,34.072,30.661,27.483,37.455
-11.042,-10.578,-10.28,-13.18,-14.307,-11.45,-10.05,-8.3532
12.682,14.546,14.441,15.786,16.063,13.018,11.728,11.595
50.146,38.949,51.229,48.519,40.579,47.413,44.463,45.564
-5.6582,-4.2925,-2.2729,-9.29,-2.6338,-7.4839,-6.9049,-2.5698
10.66,11.647,8.8862,10.148,9.8088,7.8584,9.9596,9.9537
40.411,38.612,38.032,35.937,33.801,29.531,39.725,35.233
-21.761,-31.963,-24.838,-26.172,-16.955,-16.388,-15.643,-24.952
-16.533,-20.888,-19.413,-19.905,-24.368,-20.625,-18.061,-26.613
4.3181,1.9687,1.7508,3.9447,3.7209,0.43825,4.8211,3.1408
15.076,15.194,12.953,10.534,10.561,14.142,16.783,18.564
9.4065,9.1987,11.114,10.724,8.8441,9.9012,7.4798,11.029
-19.108,-17.566,-21.717,-22.748,-18.297,-21.217,-18.2,-22.371
-15.859,-16.902,-5.9443,-21.018,-12.276,-12.38,-14.438,-17.382
-0.67998,1.8308,-1.5983,3.3157,-0.27702,2.6891,-1.8834,2.8312
36.673,37.099,42.848,34.058,34.214,36.197,29.817,35.651
32.415,30.678,32.752,30.674,25.812,8.5811,28.726,26.198
33.338,51.113,49.841,57.339,56.009,47.004,45.959,63.933
45.481,50.166,55.105,41.324,31.159,48.413,42.081,47.426
38.561,41.259,33.314,33.234,38.249,40.886,37.225,39.729
41.56,42.209,35.177,41.554,29.933,34.017,35.241,42.489
13.467,5.84,6.548,19.996,5.1259,12.441,6.6278,7.4028
-16.709,-24.694,-17.628,-20.236,-23.871,-22.7,-26.721,-19.861
-8.8752,-11.339,-9.3,-13.882,-10.965,-13.999,-9.3688,-10.025
46.598,85.954,77.627,29.997,55.154,69.337,40.875,61.99
-0.14878,2.9489,2.6189,4.6953,4.2598,3.4032,-1.2478,2.3142
12.366,11.947,10.358,10.309,7.4469,13.724,9.9728,9.5198
3.1772,1.7146,4.9419,2.3321,-1.5123,2.6881,0.63583,1.5064
1.1975,-1.2447,3.1632,-0.80081,-1.2027,2.1041,1.4728,2.0174
9.7508,9.613,11.656,12.542,6.3004,10.236,10.829,10.262
-18.429,-24.178,-16.685,-12.029,-11.552,-12.542,-11.222,-21.116
11.072,11.212,15.217,10.897,12.869,14.917,16.731,10.26
-10.434,-6.6362,-5.9847,-6.7056,-2.8189,-4.9508,-0.63026,0.25198
29.618,37.494,32.362,30.05,29.845,30.604,34.396,27.675
-19.782,-17.315,-18.466,-21.145,-20.4,-22.288,-21.218,-20.462
29.613,33.628,31.216,33.146,33.763,27.516,25.298,33.527
-3.0701,0.12427,-5.1897,-4.5149,-6.4712,-6.8962,-1.4705,0.38827
-10.087,-14.516,-10.82,-10.267,-13.344,-12.018,-11.123,-12.011
-12.738,-17.708,-10.946,-11.207,-17.204,-15.697,-15.054,-16.142
27.325,32.09,32.215,33.459,26.886,30.791,23.874,25.288
3.1392,2.7757,4.8038,0.91157,-0.93298,1.6023,-2.4292,1.2799
1.7973,4.1338,0.63448,3.5886,1.9414,2.4441,3.3409,0.88813
-13.854,-14.939,-33.172,-7.2019,-25.217,-26.561,-25.237,-19.724
85.871,95.027,85.828,96.684,60.29,81.363,98.934,79.598
-4.3889,-9.8452,-4.0445,-8.7515,-6.8664,-4.7635,-16.759,-7.4704
-9.2395,-7.0938,-11.783,-9.0413,-7.4445,-6.5995,-12.842,-11.773
-0.082431,4.7976,1.4524,1.6195,0.4018,5.9032,3.1329,2.3601
97.936,103.02,99.1,93.617,100.16,106.52,94.179,95.77
91.94,82.068,94.764,76.611,77.378,81.151,88.222,62.083
-16.438,-1.6911,-4.3291,-11.635,-10.881,-8.8525,-9.4387,-14.551
1.0316,1.5358,1.1112,-0.053498,2.2837,4.2045,1.9721,2.4484
24.632,27.644,22.215,20.379,44.054,33.359,33.293,32.739
51.216,52.811,71.652,49.129,48.355,57.286,29.669,46.75
13.003,11.155,15.386,19.167,17.646,13.12,15.069,15.756
1.5907,6.8965,4.0518,4.3912,2.5639,3.085,2.0354,0.89804
15.08,27.754,30.479,22.884,35.316,29.006,31.742,24.248
12.024,12.903,10.369,10.744,10.302,10.399,8.3663,8.7568
-23.061,-8.9572,-23.49,-24.073,-31.27,-17.197,-18.552,-21.626
9.6789,9.0591,11.135,9.9739,11.698,9.6188,10.927,10.752
-21.254,-13.241,-11.454,-19.801,-19.582,-11.542,-16.344,-14.857
35.102,28.701,34.136,37.509,31.68,39.577,38.463,33
42.058,37.477,33.734,43.826,33.705,34.685,40.029,35.589
38.431,40.136,39.792,34.953,39.065,36.084,27.071,40.525
-0.51854,-2.7296,-4.5693,-8.7391,-3.0038,-5.8563,-2.4483,-4.0677
49.514,39.6,60.133,39.896,46.115,51.729,40.927,42.484
25.751,12.703,13.695,28.187,31.55,30.866,24.873,21.734
21.87,34.371,22.346,38.452,34.661,40.825,30.543,30.986
70.242,77.829,64.809,88.923,94.276,95.085,67.272,70.623
105.08,79.967,95.169,64.417,76.235,73.98,79.059,111.47
1.961,1.2333,3.8621,4.1484,4.0891,8.1687,1.3127,4.257
17.022,14.382,9.7542,4.5734,17.447,13.091,8.9053,5.7638
109.49,88.375,84.452,96.476,97.617,84.736,87.758,95.206
62.585,43.713,52.741,71.228,70.405,64.678,43.733,69.675
-22.35,-12.403,-31.618,-21.709,-21.929,-19.322,-22.57,-22.172
-22.922,-22.501,-23.48,-23.139,-19.515,-23.662,-20.813,-22.196
-11.621,-7.5125,-11.793,-8.1076,-13.004,-12.567,-10.199,-9.6428
8.9891,5.4723,8.3743,15.384,13.457,19.3,10.713,9.3952
-20.172,-28.675,-26.652,-24.147,-16.117,-20.966,-24.546,-19.725
-12.423,-13.414,-12.278,-12.333,-11.209,-11.153,-10.227,-12.789
-23.575,-15.86,-20.247,-19.955,-19.778,-24.677,-13.692,-24.336
-19.169,-19.773,-21.254,-21.263,-20.637,-24.182,-19.567,-17.805
-7.636,-12.02,-1.417,-9.9764,-13.29,-11.925,-14.882,-5.8499
30.261,31.609,33.668,25.762,38.446,32.49,30.572,27.308
11.262,10.426,10.842,11.415,9.4244,10.047,10.748,8.9748
26.699,28.687,26.653,30.357,23.235,33.209,33.159,29.799
-23.164,-26.802,-20.193,-25.842,-17.468,-28.399,-23.483,-22.813
-8.8238,-11.577,-7.5361,-14.035,-12.308,-11.662,-12.269,-9.4286
70.728,54.647,75.829,67.375,70.855,73.145,92.002,66.158
46.027,65.095,51.603,73.63,57.164,57.418,58.527,37.367
54.329,34.167,46.82,44.023,52.467,50.524,37.032,51.591
-8.1708,-16.41,-14.58,-10.252,-8.8369,-9.9888,-12.646,-8.8949
0.77703,-3.0006,1.3731,2.8288,-3.666,-0.58232,2.1318,1.932
-19.024,-23.952,-22.956,-20.019,-21.956,-22.422,-20.808,-20.151
71.752,59.199,89.263,71.558,61.775,50.628,85.455,67.013
17.392,11.89,11.085,12.292,12.299,7.8267,12.66,11.35
5.8008,0.46157,3.006,1.925,0.70828,2.2429,5.0602,-3.004
-24.672,-19.632,-20.926,-21.448,-20.264,-21.631,-21.712,-18.049
-9.154,-11.257,-9.5843,-7.952,-11.097,-9.4564,-9.2264,-12.581
39.848,52.684,45.382,59.879,46.445,58.275,48.686,52.739
-22.34,-25.801,-23.719,-18.877,-15.231,-27.022,-18.495,-24.769
-2.6685,4.4853,-0.99062,-0.74594,-9.4383,-7.3327,-6.7172,-5.3181
14.528,12.48,11.51,19.023,7.0758,14.881,9.7605,11.964
35.732,41.484,37.594,39.853,35.242,35.752,33.937,33.62
31.712,35.052,30.385,32.407,37.11,36.915,41.255,36.442
-15.122,-16.54,-23.615,-20.273,-12.454,-19.373,-20.286,-16.593
-2.7477,-4.7572,-7.2414,-3.5298,-9.1349,-1.887,-8.7885,-4.5213
-15.065,-25.496,-18.704,-13.347,-15.095,-19.541,-23.549,-23.9
33.825,30.633,25.966,26.861,29.619,28.528,4.5888,29.695
-2.575,0.061185,3.8816,2.6772,-0.96361,0.094429,2.7256,1.2881
-22.473,-25.365,-18.768,-18.313,-23.673,-19.749,-21.462,-16.089
-1.6564,-11.255,-12.356,-13.959,-6.175,-4.099,-12.246,-13.939
2.5516,3.6411,1.8517,4.8257,5.2514,4.5072,3.2436,6.6254
-15.497,-16.723,-11.153,-11.913,-18.686,-14.532,-16.333,-17.237
10.668,17.219,15.752,16.509,4.9084,15.333,12.171,12.993
66.838,63.973,78.892,91.53,81.669,53.246,73.314,60.644
-11.941,-11.395,-12.245,-12.494,-12.403,-11.597,-9.3812,-9.8773
12.059,11.161,16.388,11.396,14.085,13.07,8.3606,16.801
0.16189,-0.76598,1.0191,-2.0294,1.0574,2.7436,2.7378,1.4119
-18.983,-22.594,-19.397,-17.895,-20.538,-18.972,-22.446,-19.061
88.099,91.135,91.078,89.853,100.41,80.52,83.24,94.722
31.379,43.908,30.954,46.385,40.213,37.931,37.63,32.413
1.8734,1.6348,0.4846,4.3583,3.4809,3.4603,3.0088,1.258
-6.5243,-6.3693,-6.3414,-2.1341,-5.5042,-0.91877,0.48977,-8.2053
68.601,42.912,71.153,70.406,65.137,56.743,64.434,75.55
8.7683,7.2134,9.9291,8.9885,18.801,15.615,10.895,12.247
76.454,105.35,80.834,90.267,98.429,93.521,69.232,75.51
-6.6506,-3.8855,-3.4013,-4.7152,-9.5761,-5.2172,-0.80471,-3.8026
17.057,16.594,8.7269,9.8598,8.9921,13.035,14.214,12.01
-16.205,-15.238,-18.426,-21.167,-20.499,-15.562,-25.003,-20.428
53.268,46.923,49.695,65.836,48.153,58.281,65.449,55.711
86.35,94.139,93.819,86.429,89.214,95.657,85.399,95.674
10.919,8.451,11.122,11.848,15.491,6.4684,9.4223,4.9494
-22.473,-20.47,-20.673,-25.867,-21.599,-22.314,-19.094,-17.521
88.349,78.659,75.008,72.095,56.88,82.443,63.851,71.689
58.208,61.924,67.186,83.694,74.709,83.77,65.433,73.017
-22.823,-19.762,-22.751,-20.177,-21.918,-22.923,-22.326,-21.366
12.216,13.857,10.021,17.188,15.781,14.077,13.312,13.989
43.35,19.523,30.615,32.513,18.118,21.19,31.344,29.574
-20.395,-19.257,-21.591,-20.087,-18.812,-20.36,-21.652,-21.74
10.451,8.8404,10.631,8.2648,10.071,11.041,8.4385,9.9609
-21.936,-19.366,-13.998,-17.97,-21.675,-18.422,-22.788,-15.628
99.511,92.801,105.42,88.114,91.853,85.821,96.301,102.41
63.466,78.89,64.625,90.57,85.72,81.697,68.91,89.828
0.5118,2.3443,0.83908,1.7575,4.0201,4.627,3.1223,2.5359
101.13,83.614,84.535,95.687,84.14,93.351,100.67,94.429
41.219,28.59,39.182,45.706,31.989,32.959,41.873,34.192
11.218,7.9868,9.8235,10.782,9.5178,10.036,9.4871,9.8645
78.929,66.944,67.873,58.739,96.349,85.419,78.449,71.123
73.514,89.283,70.221,84.006,80.82,63.764,102.96,88.132
-7.5867,-11.857,-12.916,-9.7793,-12.587,-9.5076,-4.9034,-11.006
-23.207,-21.218,-23.948,-14.888,-20.548,-21.56,-14.971,-18.533
93.327,98.264,91.472,102.94,89.908,105.12,102.23,97.965
-18.559,-20.461,-21.476,-16.805,-22.171,-21.002,-26.754,-19.44
15.181,9.8183,7.3035,9.0544,15.235,10.597,6.9613,16.727
10.671,10.286,10.873,10.009,9.7418,11.481,6.8743,10.822
63.424,67.738,90.93,81.56,106.89,78.734,69.077,95.738
-11.701,-11.142,-10.269,-10.017,-9.3595,-9.5755,-9.8887,-13.05
102.1,81.892,70.998,68.12,95.267,63.409,71.121,93.848
-6.6688,-5.9792,-7.6123,-2.5195,-8.9998,-7.6687,-2.7395,-3.9443
7.3257,10.885,8.9339,14.817,13.144,13.116,3.3089,12.588
33.732,41.233,33.459,29.966,42.886,32.397,43.882,43.886
-18.864,-9.875,-5.4395,-9.8236,-9.7065,-6.6781,-12.256,-12.518
-24.323,-19.705,-22.452,-20.578,-25.144,-21.544,-21.589,-20.826
-16.841,-14.036,-12.395,-13.791,-12.86,-7.1018,-12.001,-13.982
33.913,28.457,35.7,25.754,25.252,30.431,32.756,27.712
40.841,37.952,32.733,32.458,42.968,32.939,34.027,36.097
4.3446,4.9529,4.4841,3.009,-0.61139,1.4161,2.4782,5.0042
33.613,28.555,29.701,33.795,34.348,25.207,34.259,32.903
41.144,66.576,50.803,57.877,52.4,38.416,74.218,51.63
28.304,37.595,35.466,39.188,37.231,31.591,39.071,28.521
-25.024,-15.364,-23.409,-19.245,-21.472,-17.115,-26.576,-24.33
-13.332,-12.01,-11.354,-11.127,-15.416,-10.93,-11.239,-8.1605
0.032411,7.0579,2.0683,-0.93683,2.0385,4.5014,4.0499,3.3696
5.3726,2.672,1.5843,2.6182,3.0985,-0.92734,-0.57329,1.9276
-15.099,-22.241,-32.869,-25.669,-24.487,-22.186,-20.675,-32.111
-20.436,-25.388,-14.717,-26.591,-22.721,-27.581,-16.3,-30.145
14.953,11.927,8.3236,15.183,11.91,7.697,12.879,9.6449
33.064,26.25,23.187,37.579,33.637,26.58,28.831,39.995
-12.699,-9.25,-7.3432,-13.122,-10.208,-12.994,-9.288,-9.3072
18.814,28.728,37,33.74,32.308,14.817,27.687,32.124
-0.022388,-0.51362,3.0098,0.79718,0.49259,-1.059,0.89474,5.4553
66.539,57.65,56.674,70.198,84.549,66.443,33.753,79.04
27.325,36.559,31.209,29.107,24.7,26.625,34.791,32.267
9.0824,14.733,17.663,11.726,6.7743,9.679,15.703,6.7503
18.406,25.606,37.219,26.85,22.937,27.459,45.734,33.588
42.792,43.436,38.265,55.801,89.57,64.422,54.829,75.669
73.429,88.385,79.438,71.684,93.686,70.668,53.413,57.441
20.93,15.467,23.049,10.757,13.408,15.991,10.009,14.747
-26.407,-24.342,-22.549,-19.066,-24.071,-21.137,-19.306,-19.011
-10.985,-11.293,-7.6732,-11.319,-10.887,-9.7024,-7.1326,-11.736
-21.458,-14.557,-10.218,-9.484,-17.271,-15.407,-18.925,-19.403
10.43,15.073,17.619,10.36,10.783,14.763,11.023,11.811
29.997,21.683,27.931,29.719,30.715,31.595,25.878,33.166
-11.621,-9.6758,-11.978,-12.695,-10.46,-10.142,-11.565,-7.6584
14.98,11.536,9.9196,-0.31737,16.766,12.591,12.045,14.75
76.361,80.629,73.56,78.003,79.309,61.047,75.738,99.629
42.264,32.256,38.267,44.136,32.368,46.722,37.066,33.619
-20.143,-22.119,-18.455,-13.811,-17.477,-18.755,-18.242,-16.394
11.269,12.602,13.361,9.9882,8.6071,12.75,12.001,17.065
30.244,22.575,24.486,31.488,40.846,34.092,38,29.602
60.66,49.436,50.817,49.49,50.932,39.427,23.844,49.946
14.39,9.934,14.818,12.473,15.669,21.019,5.8322,9.8012
40.884,39.353,32.84,38.441,40.539,38.6,40.626,38.028
-10.472,-6.496,-9.7271,-5.4588,-10.617,-7.6277,-11.361,-12.42
1.1003,3.8996,-1.0031,-1.0668,2.4689,1.5215,3.1442,0.27511
-22.356,-18.501,-19.616,-21.008,-20.845,-24.876,-24.422,-22.155
5.8767,10.528,10.279,8.61,9.0467,9.669,10.912,10.488
-10.504,-10.066,-12.354,-11.681,-12.587,-12.524,-11.993,-11.888
54.018,39.05,43.841,43.634,53.002,49.682,50.698,46.223
-22.827,-17.597,-15.521,-15.36,-19.828,-15.499,-17.126,-17.871
59.209,99.607,76.185,85.873,87.28,74.468,80.852,75.873
49.673,54.333,59.046,64.31,42.6,77.126,64.494,43.817
18.553,27.302,25.577,34.971,36.533,35.377,34.715,29.638
-19.415,-20.705,-16.89,-19.116,-21.158,-22.125,-28.578,-16.15
91.758,86.25,75.298,68.755,86.73,77.877,55.962,74.74
23.779,33.089,28.417,30.643,27.437,26.915,30.835,34.2
13.252,14.816,11.264,18.972,4.9611,12.655,13.159,13.502
68.771,69.102,84.529,77.842,59.025,67.366,73.71,80.689
-9.4548,-8.982,-8.6933,-11.474,-15.13,-12.828,-10.788,-13.425
-1.6733,0.96821,1.5089,1.2719,3.858,3.3223,-0.41973,4.3768
-13.545,-29.384,-23.655,-12.26,-24.448,-18.013,-18.79,-19.868
54.632,31.819,41.824,35.156,38.253,38.033,61.275,54.738
20.518,37.241,32.048,36.085,20.809,28.635,32.171,37.107
31.036,30.668,38.412,32.561,27.168,26.29,34.218,39.763
62.887,60.633,69.961,79.731,62.756,39.651,81.87,55.737
-11.107,-11.378,-10.921,-12.087,-12.805,-12.044,-13.239,-9.542
-20.808,-18.553,-11.482,-20.562,-21.435,-18.862,-22.868,-20.522
-11.289,-12.729,-10.292,-12.621,-10.825,-12.244,-12.111,-10.595
7.3167,5.4682,4.4778,2.1517,-0.19919,2.4372,-1.9957,6.1085
0.43976,4.9492,3.2306,2.054,0.81015,1.4551,0.90303,0.44136
42.319,28.625,31.452,36.423,29.913,31.239,24.226,34.338
39.971,23.592,35.503,38.494,19.03,13.282,32.985,31.46
7.7197,10.48,12.055,18.636,13.74,19.55,10.659,6.6755
-19.298,-22.5,-24.892,-23.542,-20.718,-29.19,-10.404,-24.35
-21.827,-17.387,-19.888,-21.683,-20.721,-20.418,-23.589,-19.606
4.9792,4.5651,4.1526,1.743,4.4568,1.8902,4.8278,0.62055
24.79,37.039,43.345,34.449,39.505,34.769,37.45,41.314
34.881,32.92,33.224,27.232,35.002,21.622,33.851,26.616
-22.868,-21.322,-20.175,-20.923,-22.112,-18.941,-18.969,-17.945
70.328,81.374,77.922,63.909,83.768,76.359,50.505,54.745
1.0816,-7.527,-1.3719,-2.5064,-8.037,-3.0117,-5.0764,-2.134
3.41,3.2247,0.98739,1.3299,1.4837,-0.55534,3.5177,2.4253
13.961,11.469,10.31,8.2286,11.482,13.999,12.259,16.74
-15.749,-20.933,-21.403,-23.293,-28.912,-17.45,-28.396,-23.634
74.621,79.404,62.637,72.719,46.541,77.2,78.567,87.669
9.1236,10.939,9.5551,14.621,13.535,11.631,16.571,13.718
-16.733,-11.278,-18.061,-15.307,-22.044,-16.443,-19.163,-19.709
39.892,38.337,29.429,27.355,29.03,40.798,34.656,37.218
29.293,28.082,30.291,33.676,35.264,35.577,25.886,29.558
68.725,66.803,53.134,83.834,67.688,51.141,57.875,69.37
47.04,46.114,46.544,44.664,44.94,43.345,50.778,45.456
10.741,15.798,6.0047,12.683,20.49,10.768,16.723,13.975
-12.183,-9.5309,-11.152,-13.558,-11.24,-12.587,-12.629,-9.0967
-21.892,-19.644,-21.43,-19.646,-20.256,-24.768,-21.863,-18.63
48.037,60.614,70.189,64.916,45.71,77.602,47.741,57.866
9.4119,11.869,9.6154,10.764,9.3239,11.2,8.6272,9.5869
-20.823,-21.78,-19.592,-22.736,-21.427,-20.091,-21.253,-20.75
-20.672,-24.005,-19.373,-19.519,-23.69,-19.251,-20.767,-17.411
-4.0177,-3.6986,-2.9314,-1.0375,0.3635,-5.6335,-4.2479,-0.88855
7.9058,16.199,14.277,15.735,6.0224,8.6152,7.2567,19.33
-22.173,-20.391,-14.442,-14.437,-17.345,-17.876,-17.822,-11.275
60.353,58.678,97.58,90.881,88.08,65.858,84.127,81.681
-8.807,-9.6666,-10.9,-13.766,-10.296,-14.322,-11.027,-9.7506
90.592,89.62,111.71,95.636,102.7,92.117,88.366,94.437
33.294,26.558,38.091,30.127,27.227,38.047,39.351,29.592
31.648,30.97,25.2,31.566,28.121,27.607,32.526,29.124
-19.423,-23.442,-18.496,-20.409,-21.291,-22.084,-19.558,-20.274
-21.269,-17.787,-21.907,-19.411,-24.539,-16.282,-15.18,-26.983
-13.005,-11.957,-11.33,-11.552,-11.072,-10.495,-12.602,-13.421
0.6034,0.70086,1.4811,-0.036385,2.2113,0.063012,6.1578,3.1018
88.911,97.165,78.926,78.59,74.114,80.569,90.674,79.45
37.562,37.114,37.027,38.787,37.268,35.494,39.394,36.781
9.8608,7.2262,11.575,9.3036,9.1382,10.829,6.971,8.4012
112.51,90.914,101.13,92.702,90.739,89.825,88.978,78.005
37.581,34.291,24.356,40.202,28.041,43.029,41.723,30.049
-14.098,-15.258,-19.316,-11.735,-15.636,-20.423,-14.208,-16.804
26.88,13.433,36.512,27.273,22.291,17.282,32.711,28.174
61.794,49.677,48.021,33.746,52.957,71.361,58.048,52.397
19.988,39.313,35.468,30.998,27.555,26.311,19.141,27.42
2.4416,0.1119,1.1568,1.3691,3.6352,0.95571,0.21245,1.682
41.182,25.632,35.223,29.748,44.823,32.166,39.072,38.906
62.304,80.353,61.72,83.909,57.123,72.098,71.02,67.715
49.05,67.758,59.781,70.599,60.541,61.798,50.239,67.426
34.348,61.317,55.035,77.141,46.983,60.334,67.501,74.754
24.747,30.154,29.167,37.963,24.232,41.948,19.196,18.537
100.17,98.233,96.701,104.44,84.208,105.28,89.862,98.543
32.907,30.164,30.276,23.934,25.943,32.931,41.822,31.642
60.513,81.63,62.969,86.685,69.493,67.799,77.228,57.083
83.791,84.27,87.497,95.909,80.463,94.276,78.291,82.726
104.17,96.072,88.336,49.39,59.376,69.74,65.694,89.977
96.959,81.296,97.579,76.771,66.307,71.875,52.878,75.64
30.713,26.043,25.056,25.664,21.514,16.313,34.384,27.917
-21.603,-23.626,-16.882,-20.92,-29.356,-20.674,-19.977,-26.372
-19.195,-12.296,-23.153,-27.889,-25.874,-28.122,-31.014,-24.44
15.534,4.0023,11.795,14.113,14.356,11.394,8.1721,7.1116
3.9505,4.9321,0.62086,5.4146,-0.52278,-1.3695,3.0272,3.1672
86.867,87.324,78.717,77.477,70.358,41.81,82.334,70.861
22.256,23.041,37.551,26.727,25.813,24.135,28.86,22.392
29.431,22.832,29.21,26.29,28.753,32.945,32.21,35.386
78.592,65.982,69.973,96.73,69.612,82.519,72.07,80.21
-23.116,-20.062,-22.151,-20.624,-31.741,-22.475,-35.272,-33.117
-21.27,-21.672,-18.319,-18.603,-19.475,-22.105,-19.585,-20.834
9.1374,11.645,11.181,15,11.297,9.1792,9.8408,11.921
38.722,32.867,36.754,42.301,37.835,35.701,38.288,35.675
59.849,98.297,100.02,82.272,53.44,91.036,52.781,66.673
-18.969,-21.846,-24.05,-17.417,-20.446,-14.54,-22.502,-23.03
-11.978,-11.207,-8.2766,-13.465,-7.8372,-8.5512,-5.4245,-11.744
33.745,34.664,27.192,37.09,25.541,26.223,31.391,32.493
-25.858,-22.237,-24.973,-19.287,-33.641,-32.2,-24.052,-21.683
31.773,31.972,31.353,27.158,36.19,35.575,24.99,22.331
4.2444,1.8125,3.3739,0.19386,0.84922,1.3615,-1.4815,6.0692
66.116,83.767,95.214,91.321,85.345,84.692,90.595,92.152
51.024,75.299,50.55,70.039,48.065,55.75,59.843,60.537
67.877,64.469,50.678,48.742,61.57,49.059,44.402,54.708
45.566,30.308,36.336,40.902,19.871,33.9,31.083,31.281
57.002,64.057,70.113,52.976,54.996,53.521,51.636,48.688
-5.5029,-3.6742,-1.5783,-8.386,-1.4466,-1.6883,-7.5562,-6.0002
-22.865,-27.127,-18.691,-26.803,-21.617,-14.659,-23.03,-27.368
94.233,85.779,98.777,99.29,97.27,87.674,97.482,97.182
19.452,4.359,14.485,9.9926,10.414,12.399,8.6659,4.7819
9.2781,7.0635,9.004,8.5858,10.218,7.879,9.5914,9.3448
9.0932,18.725,8.1266,11.461,11.907,11.541,12.503,12.615
3.6262,-1.0132,-1.0748,0.55726,1.3673,0.65442,-0.81151,2.1452
-20.487,-17.426,-23.037,-21.824,-16.901,-20.744,-10.591,-24.906
8.8118,9.5344,7.6322,10.105,9.3139,8.9242,7.936,8.9869
86.49,101.34,94.509,94.229,95.635,104.71,93.512,91.152
76.157,77.23,73.048,59.346,50.509,51.809,70.291,82.912
36.076,42.746,32.369,39.982,30.047,27.326,41.568,34.277
-22.194,-21.425,-22.847,-19.954,-18.694,-19.917,-21.777,-21.186
-9.4433,-8.7112,-11.672,-5.1179,-6.135,-7.8691,-11.192,-14.897
5.3598,3.1034,2.883,-0.4856,2.5012,2.6065,1.8437,5.7051
35.971,43.922,31.387,39.521,33.268,33.051,32.731,38.892
-0.47664,-0.92383,-7.3457,-7.726,-4.9215,-2.7626,-6.1477,-6.8942
45.705,50.827,59.013,47.893,32.036,48.41,38.123,50.378
-16.807,-16.081,-22.489,-23.401,-28.675,-15.603,-21.048,-24.869
13.981,9.9907,9.8248,12.995,9.1804,10.58,9.5928,14.069
-21.427,-26.134,-19.615,-23.165,-25.054,-14.303,-18.774,-27.722
1.8711,3.3941,-0.066682,1.2931,8.0706,3.1489,-0.024179,-1.7937
6.4762,8.109,8.8337,9.6679,6.9612,11.888,11.461,9.6269
23.876,30.939,27.909,40.074,31.606,27.001,33.145,35.58
12.735,8.4271,6.3972,10.259,15.69,13.327,14.02,15.759
1.6235,1.7049,0.048442,0.57285,2.1823,0.91433,-1.6287,3.6104
38.337,25.242,34.264,40.653,42.164,34.186,34.345,38.865
108.33,63.774,94.079,50.39,99.435,93.753,100.21,69.204
3.7106,-1.2146,-3.8629,-2.8044,1.4066,1.5012,1.6985,0.28546
17.517,9.7211,16.981,12.222,11.583,11.544,16.412,10.468
-15.128,-15.012,-16.306,-25.61,-26.054,-15.051,-26.806,-16.622
-24.992,-22.23,-21.542,-20.085,-23.365,-18.118,-19.345,-20.166
-6.797,-11.803,-15.464,-10.238,-12.652,-5.5408,-10.54,-10.833
11.38,6.4373,12.103,10.453,11.019,10.856,9.3339,12.275
77.051,94.075,100.05,75.671,73.197,66.881,93.761,87.387
14.17,15.5,10.593,12.689,8.0482,13.209,5.7905,13.611
56.517,63.294,40.573,60.036,40.142,47.059,51.572,48.628
24.923,34.138,31.943,33.933,35.447,28.7,34.433,23.152
-10.945,-15.758,-22.045,-20.377,-20.329,-27.39,-26.247,-24.37
40.133,39.653,31.668,40.403,39.488,37.232,36.284,31.418
31.785,34.952,31.514,35.122,35.541,33.041,40.801,42.749
2.3372,-0.59286,4.0049,-1.3368,2.4206,-1.6531,3.8766,1.6547
72.296,100.63,55.469,66.12,86.795,70.869,84.388,76.543
94.936,93.202,101.58,95.709,103.8,107.43,103.31,96.151
-10.653,-13.491,-4.8232,0.65985,-12.694,-14.601,-5.9472,-2.5529
-8.3662,-11.647,-11.206,-9.6869,-10.965,-9.9484,-15.788,-15.789
8.5825,10.157,11.063,11.363,8.6227,8.8582,11.057,10.557
3.2425,0.62675,-0.69012,1.8446,4.0474,-0.60994,0.51254,1.8665
-16.74,-14.554,-13.499,-9.0655,-9.761,-7.6513,-4.6347,-7.6594
1.4907,1.7564,1.7224,0.45606,1.1885,4.5469,-0.39126,0.6761
35.24,34.712,35.899,32.747,43.871,37.09,34.761,36.464
59.311,45.677,60.356,39.222,55.557,51.66,38.783,44.462
31.466,32.289,34.654,38.95,32.579,36.431,36.934,48.483
-16.528,-8.6056,-11.324,-18.587,-18.849,-18.238,-10.355,-12.277
-22.493,-19.898,-23.167,-21.238,-23.493,-29.842,-19.9,-25.85
-12.198,-12.086,-13.614,-10.848,-12.322,-13.297,-13.653,-10.931
-1.2786,-7.1177,-7.5264,-3.7328,-4.2504,-1.7065,-6.0243,-0.71131
-22.192,-23.795,-15.972,-20.032,-19.867,-16.255,-15.836,-25.031
101.15,86.976,89.232,88.112,99.234,105.39,87.442,101.59
9.6721,9.0845,10.389,10.872,9.5557,10.247,8.4237,7.8285
-20.798,-18.651,-21.073,-20.188,-25.55,-19.331,-21.293,-25.516
-26.369,-23.248,-23.151,-23.12,-25.613,-18.246,-21.175,-27.521
60.01,65.163,58.015,82.565,81.909,79.986,74.882,77.987
17.363,6.2558,15.618,7.8575,14.316,8.8375,4.2606,10.951
37.9,26.139,37.562,28.639,48.308,17.506,36.625,45.222
8.106,9.9985,12.705,11.617,9.5787,9.9899,8.1566,11.876
-19.711,-18.326,-12.634,-16.618,-20.706,-10.615,-21.861,-17.584
-0.12963,-1.921,-7.1689,-0.060961,-3.0166,-1.0679,-0.77217,-3.1944
12.753,10.653,11.206,9.3503,14.45,18.347,14.007,15.319
66.415,85.239,89.293,94.303,66.53,109.92,67.34,65.071
41.846,51.206,50.726,37.81,54.275,58.219,53.031,54.878
31.926,35.388,31.047,32.832,32.515,33.437,28.447,31.11
-17.541,-22.534,-18.473,-22.608,-26.621,-20.892,-20.556,-28.058
16.268,16.427,10.609,13.549,12.679,9.1318,15.039,9.8945
-10.053,-13.018,-9.816,-11.127,-14.718,-10.682,-10.886,-12.482
100.57,89.792,86.511,92.833,88.109,95.749,102.42,87.114
33.138,28.067,24.952,22.653,34.647,33.892,25,27.003
-9.8463,-13.74,-8.3609,-12.775,-15.016,-16.493,-11.722,-15.518
-26.291,-21.024,-24.61,-15.93,-25.992,-27.766,-30.948,-22.166
32.13,24.898,26.117,44.254,29.57,36.355,30.223,29.538
27.242,22.049,33.888,31.314,30.941,40.111,36.308,28.503
63.279,61.77,98.721,75.564,84.556,93.044,82.081,78.373
10.755,14.174,9.1362,17.36,12.227,11.648,13.318,14.651
-7.2395,-4.1241,-2.6975,-3.4709,-8.6332,-6.2506,-3.581,-4.2184
4.2033,1.318,0.56519,5.087,-0.053745,1.7858,1.5458,0.095
3.3564,11.272,12.015,12.492,18.071,10.425,11.573,12.136
34.448,36.22,41.021,32.888,34.312,42.599,40.744,37.697
-13.288,-11.662,-10.13,-11.304,-11.238,-12.119,-9.0749,-12.166
54.895,54.285,48.75,35.576,39.694,36.49,55.825,63.169
102.55,70.013,85.033,69.693,100.17,76.484,70.702,58.173
15.264,8.9524,11.919,12.273,14.03,15.162,1.4553,10.905
5.8136,2.6339,0.97815,0.23412,1.5115,2.1834,1.2702,4.6588
-21.912,-17.938,-21.222,-18.886,-21.788,-20.378,-22.383,-19.075
-24.128,-18.254,-17.615,-12.062,-27.483,-19.844,-18.917,-21.048
9.3346,8.7028,10.094,10.304,5.9835,9.5421,10.687,17.719
84.476,66.114,60.676,64.106,89.473,86.474,69.069,78.491
39.27,46.2,45.638,50.462,43.63,43.715,45.208,47.848
34.41,37.933,35.941,37.606,37.459,29.335,41.542,35.524
-23.744,-28.893,-18.531,-27.887,-17.995,-22.932,-23.718,-17.532
8.589,10.938,9.3297,7.738,11.04,7.205,8.3188,11.404
37.772,35.937,43.156,40.075,39.103,37.856,40.073,36.533
12.184,12.005,9.158,11.311,13.985,10.216,16.322,14.765
18.873,23.724,33.761,21.905,30.268,37.583,27.954,42.899
-7.5043,-7.6271,-13.08,-7.2148,-10.736,-10.285,-14.619,-9.7653
-13.604,-20.439,-20.09,-15.642,-13.374,-8.5841,-20.448,-20.011
-5.7722,-10.066,-9.017,-3.6517,-14.195,-16.458,-13.446,-6.1002
40.284,34.682,40.113,41.635,44.159,32.601,33.38,34.142
-22.673,-25.502,-19.67,-15.274,-21.857,-19.565,-21.299,-20.127
2.7709,0.8276,1.267,3.1784,-0.56365,1.7763,4.7267,4.6337
-16.404,-17.118,-17.671,-14.945,-14.071,-15.529,-15.549,-19.126
-4.2556,-7.6858,0.1304,-3.836,1.0237,-5.5598,-0.26409,-1.4044
34.084,30.272,35.787,40.783,39.988,29.848,38.756,37.036
-17.144,-17.968,-19.461,-10.307,-20.156,-14.255,-13.616,-12.255
1.3978,2.3147,2.2595,-0.32717,-1.3681,0.92537,-1.7681,0.18894
38.369,18.93,44.19,29.634,32.663,40.934,32.325,39.729
-17.844,-17.52,-19.088,-19.257,-24.069,-20.711,-19.918,-21.597
-3.7617,-4.637,-5.6576,-6.3607,-0.7389,-1.7456,-2.7856,-1.9696
28.818,39.392,33.819,41.732,31.137,33.319,15.422,23.631
39.952,62.556,43.547,43.604,55.659,35.553,51.811,56.103
52.606,40.052,35.284,45.789,44.747,47.444,52.85,38.951
60.637,52.637,63.666,74.054,83.849,88.055,71.917,108.81
-22.458,-18.582,-10.965,-16.905,-14.083,-17.433,-18.655,-13.869
95.679,95.502,84.689,69.618,76.79,82.104,64.555,78.935
31.216,33.73,12.895,17.386,31.811,33.056,11.149,35.767
63.538,72.037,64.17,67.815,91.678,56.119,78.079,72.522
-11.9,-8.2275,-10.745,-8.5199,-10.987,-8.6486,-10.952,-10.496
29.618,30.585,18.436,35.794,28.185,30.787,36.905,29.14
-12.522,-14.857,-6.6282,-13.396,-8.0711,-4.5969,-13.423,-9.3809
100.17,53.249,79.086,61.922,79.321,79.544,92.464,61.114
0.77721,2.4131,-0.032833,-1.9139,-0.99187,2.2401,0.19137,-0.31621
60.868,54.167,61.905,65.364,60.175,38.642,60.235,69.785
10.639,11.15,12.279,11.218,13.401,13.428,12.219,20.605
98.078,94.92,95.05,97.336,97.183,85.929,91.521,87.13
-15.178,-19.159,-16.483,-16.377,-14.325,-21.19,-13.19,-16.229
2.4371,1.4408,4.0596,4.2942,1.0967,-0.75168,2.4506,4.6604
99.52,108.8,91.773,87.689,61.391,82.87,77.589,94.712
6.1467,12.419,14.339,17.884,15.552,7.5251,13.384,11.051
63.56,71.224,53.342,51.04,59.69,60.513,59.902,46.146
32.736,14.956,33.764,28.878,31.998,28.675,29.3,14.961
11.528,14.009,14.591,14.867,10.146,14.616,9.6315,13.563
56.405,67.814,46.781,67.137,66.617,57.156,36.311,40.021
-20.564,-22.222,-21.379,-18.643,-19.049,-22.093,-21.911,-18.548
1.3119,3.6646,6.6157,3.9311,6.2481,4.7883,1.8187,1.8754
-22.389,-21.694,-22.311,-18.495,-17.82,-20.437,-19.302,-21.11
12.263,8.229,12.466,9.429,9.3838,9.4771,9.0543,9.2184
76.945,86.974,66.4,72.169,100.25,77.072,92.221,89.673
-8.2862,-10.188,-10.229,-11.629,-9.1341,-13.513,-8.0789,-9.8543
80.978,76.569,65.35,54.079,84.431,77.969,65.715,63.225
-15.565,-16.486,-13.335,-20.281,-16.339,-13.672,-23.591,-15.051
32.391,30.673,33.638,35.088,35.247,48.625,30.867,35.784
33.984,35.23,31.377,34.458,28.084,41.712,32.197,31.627
1.259,-0.69099,2.3466,3.5384,-1.1584,2.1637,3.2732,0.45247
35.138,51.318,40.697,56.271,47.055,44.77,44.178,46.863
32.764,38.117,33.046,40.626,34.593,35.121,41.577,41.908
-11.643,-11.848,-12.116,-11.167,-10.352,-8.6083,-12.409,-12.781
38.768,59.836,47.538,53.18,49.059,45.363,29.072,50.337
17.203,13.29,13.908,8.7695,14.946,9.8914,12.81,10.768
-7.69,-5.8781,-10.473,-6.5668,-5.5246,-9.363,-18.52,-9.597
7.7299,6.7477,10.556,9.5808,10.16,8.3029,9.0706,9.3672
11.935,16.058,8.2512,9.2256,8.7566,6.8114,11.324,12.458
33.633,26.803,24.177,30.719,51.533,22.381,29.196,39.774
30.779,28.919,32.56,34.225,35.965,22.076,32.509,29.516
2.5526,1.612,2.5434,0.26375,0.54084,2.6254,1.4996,-0.66038
41.161,32.608,26.701,40.658,27.495,28.225,32.19,31.797
-26.093,-19.66,-25.333,-18.15,-20.719,-25.047,-23.704,-23.983
-10.979,-10.336,-11.648,-11.853,-14.187,-12.272,-11.394,-9.4645
-16.262,-26.588,-20.143,-18.021,-19.259,-19.181,-14.429,-20.66
12.133,13.837,14.707,5.5673,15.22,3.1816,7.4391,6.4558
-17.823,-32.754,-22.312,-28.312,-20.417,-20.73,-21.866,-22.204
14.779,12.715,8.5465,12.534,11.712,12.922,15.254,18.82
25.316,30.25,18.552,30.506,31.346,44.237,33.541,30.668
-3.9806,-3.5359,-5.3638,-1.7516,-4.7364,-3.5882,-3.1535,-4.8532
-14.026,-13.132,-10.412,-6.8843,-12.18,-14.466,-6.8491,-12.002
38.621,34.636,41.252,32.754,25.191,37.253,31.868,39.714
-20.098,-17.927,-22.16,-20.314,-24.626,-19.325,-14.523,-20.068
-18.12,-22.499,-22.663,-19.797,-23.223,-25.289,-21.128,-16.194
-0.65575,-0.49449,1.1922,0.26642,0.84458,1.8437,3.0837,0.64812
108.99,88.788,104.69,101.2,101.09,94.032,89.223,95.974
-22.36,-20.524,-21.757,-19.849,-22.082,-20.311,-21.74,-19.485
94.047,92.767,99.552,98.245,95.625,101.83,88.438,93.726
10.524,6.6635,5.7834,9.0651,14.319,8.916,9.2322,10.263
64.035,57.01,69.737,61.536,77.767,54.337,85.83,68.091
2.1685,3.3852,2.5236,1.6235,0.54493,3.0299,4.6863,0.97959
-15.528,-18.21,-20.629,-18.938,-14.544,-17.026,-19.536,-13.518
50.685,46.411,44.167,46.002,46.318,52.212,53.213,61.198
41.314,39.35,39.866,39.935,33.168,29.267,32.025,22.224
35.916,39.477,46.89,31.902,40.456,31.512,39.065,39.132
-33.6,-22.934,-19.176,-22.594,-32.272,-21.828,-14.104,-24.602
-11.802,-10.684,-9.2385,-11.334,-12.945,-13.831,-11.817,-11.985
24.772,27.381,33.585,35.542,41.053,21.02,31.59,35.758
34.612,34.381,41.323,35.235,38.607,34.893,37.127,38.151
37.114,38.327,37.378,37.104,42.597,31.825,37.278,40.008
-25.545,-16.562,-24.788,-23.29,-26.268,-18.36,-20.339,-24.081
99.789,101.28,82.028,92.911,92.783,101.21,92.252,100.16
-11.808,-15.978,-19.174,-26.599,-20.344,-24.109,-19.307,-21.627
-7.2779,-9.9851,-13.913,-6.3004,-11.183,-11.267,-14.516,-13.982
45.289,45.184,51.869,51.708,47.362,50.606,59.221,55.752
22.672,35.967,30.426,29.603,29.58,33.535,24.001,38.05
39.353,27.406,40.884,24.118,34.602,22.644,27.416,24.293
33.015,34.896,35.151,28.637,32.225,29.485,21.867,30.463
-10.049,-8.9288,-9.9043,-13.631,-11.217,-7.4006,-6.8652,-7.7241
41.135,36.547,20.512,24.345,24.676,26.79,30.649,18.22
8.8683,11.259,8.9668,10.027,9.1064,9.403,9.9846,11.318
57.899,39.163,48.621,56.292,44.745,37.893,57.195,49.021
10.874,17.001,11.316,13.743,10.782,7.5153,13.3,15.995
-10.979,-8.8927,-12.603,-14.008,-8.609,-5.55,-10.852,-10.137
31.086,44.495,44.709,36.942,36.819,30.643,35.632,37.985
50.4,45.032,38.514,41.801,57.773,36.232,55.051,47.702
-11.056,-7.3052,-13.629,-12.763,-6.4395,-19.531,-15.607,-13.112
62.351,59.773,60.377,53.273,53.521,64.585,60.441,61.63
11.966,10.114,10.412,9.0701,8.4802,6.3785,9.8413,10.152
4.1412,0.90321,1.2319,4.3203,5.3238,3.5479,1.1941,1.3764
9.1714,10.622,11.006,10.639,9.6703,8.7866,9.9759,10.373
-9.791,-8.7015,-13.193,-9.1006,-12.306,-10.886,-9.8344,-12.081
-19.025,-22.314,-19.814,-23.541,-22.466,-18.958,-20.894,-22.774
1.1471,0.72741,0.39093,1.9855,2.1562,0.19767,3.134,1.0308
-21.965,-21.328,-20.236,-23.532,-18.63,-21.62,-17.866,-22.091
-12.428,-6.4409,-13.57,-13.436,-6.2085,-11.319,-15.871,-9.2308
48.599,47.883,37.039,46.674,57.614,43.696,50.056,37.152
34.759,30.776,30.011,30.808,30.576,32.427,30.073,33.634
46.597,53.516,42.706,63.055,36.043,47.158,39.598,59.84
-6.5329,-10.345,-11.76,-3.9848,-8.9869,-9.074,-5.7303,-7.6316
53.4,48.259,66.086,57.995,36.623,50.022,71.739,81.38
-22.725,-20.68,-19.715,-17.567,-18.774,-19.83,-19.97,-21.975
29.573,28.664,30.116,29.444,31.558,30.321,26.564,22.324
36.234,41.394,32.293,46.203,32.921,41.722,36.572,23.773
59.863,77.293,77.926,60.804,65.762,48.462,95.339,71.445
93.625,56.298,71.52,62.627,80.915,82.107,77.279,62.791
29.841,37.326,37.725,34.362,32.257,32.327,23.225,25.11
26.579,35.538,21.559,15.59,25.84,23.342,28.281,42.008
37.117,36.779,31.641,37.827,45.24,29.049,45.128,34.493
42.123,31.021,37.53,36.34,39.2,44.322,35.397,32.234
-15.475,-19.902,-18.888,-9.6473,-17.008,-17.62,-13.943,-15.08
43.635,36.628,40.034,37.443,38.809,38.232,46.962,35.6
52.983,51.165,56.461,42.011,47.107,39.607,36.139,44.986
45.789,43.936,61.518,44.092,44.417,46.98,44.32,42.348
-19.848,-10.637,-17.737,-20.882,-7.9757,-15.525,-19.097,-14.745
25.108,37.643,22.279,20.872,23.394,33.397,29.305,33.296
72.846,65.586,83.18,81.807,67.781,72.671,75.367,89.984
51.677,42.795,45.931,48.625,51.913,49.747,32.168,37.102
30.971,44.169,34.509,33.849,38.662,37.914,34.426,42.106
-26.252,-24.372,-20.902,-19.807,-19.056,-28.021,-26.093,-23.353
93.515,100.78,85.546,103,99.372,99.426,102.97,103.56
31.06,32.92,24.951,23.039,32.14,31.269,39.2,27.859
82.669,64.685,70.125,53.398,50.868,75.773,66.041,69.919
92.385,96.044,96.538,86.387,92.74,94.717,93.666,79.264
11.771,7.3268,9.1425,11.568,10.729,10.357,7.1067,9.3503
-26.527,-22.203,-19.693,-28.226,-26.433,-15.106,-26.959,-15.464
0.85846,-1.0981,5.6898,3.0375,5.0139,3.185,5.9422,0.91212
33.566,28.898,32.055,25.691,24.779,36.859,28.862,26.862
94.508,64.029,71.473,50.683,37.15,80.729,78.937,67.535
-25.127,-24.688,-23.041,-14.16,-29.7,-31.107,-26.821,-23.93
38.7,34.847,38.713,34.203,19.576,35.37,41.055,39.636
5.1727,3.601,-0.018659,0.49508,-2.1971,3.8681,1.446,1.4487
8.9925,7.6055,8.7418,12.279,11.723,10.579,9.2931,10.206
42.007,35.274,35.503,36.664,28.92,43.467,31.447,35.241
-13.9,-23.281,-15.122,-20.669,-14.993,-19.903,-23.352,-17.791
18.673,7.3654,10.538,6.2535,10.241,14.529,12.256,10.767
30.814,24.737,35.603,28.493,18.84,37.204,31.548,36.646
-7.8902,-8.6586,-7.7919,-7.5755,-16.956,-8.9289,-6.7661,-9.3828
91.778,96.287,98.274,94.65,88.662,82.196,92.103,96.747
39.945,48.534,45.175,45.624,48.729,54.916,46.909,50.583
36.821,30.435,39.987,35.195,34.945,36.802,31.993,33.205
9.6248,8.7698,16.785,14.519,8.7042,12.286,10.7,10.25
102.92,106.94,84.536,97.541,91.063,87.418,97.965,89.923
12.23,9.6126,11.537,7.9733,9.3952,17.488,17.143,8.2245
-20.935,-18.603,-22.754,-21.087,-20.983,-20.358,-17.401,-19.516
-2.2797,-3.2119,-5.1681,0.9935,-0.95842,-4.7919,-7.2557,-2.2114
-15.603,-16.282,-15.729,-17.152,-17.315,-16.79,-13.575,-6.6876
2.6151,0.99743,1.9534,1.2204,1.4689,2.5097,0.088214,4.3754
38.683,44.022,35.327,40.362,31.525,39.414,37.412,34.142
-29.454,-21.892,-24.572,-14.237,-19.558,-26.756,-11.014,-25.64
46.083,47.767,51.292,37.131,62.397,60.325,45.164,44.066
53.509,98.738,87.378,74.392,62.674,62.042,81.458,77.054
58.843,80.59,62.61,80.824,72.37,90.793,76.465,75.957
-18.98,-21.006,-19.783,-18.39,-24.857,-19.127,-23.065,-21.41
1.294,-0.88055,-2.6926,3.5948,0.5272,0.41678,3.6596,-0.7021
95.535,81.434,65.334,61.274,91.369,62.009,64.452,79.187
-13.577,-12.373,-10.695,-11.436,-11.75,-12.595,-10.799,-11.453
58.795,69.4,58.256,41.575,57.639,63.576,53.74,69.037
-17.865,-20.023,-21.374,-18.664,-20.232,-21.718,-26.772,-23.898
40.218,40.832,29.897,37.304,34.213,35.172,36.617,38.298
-21.774,-18.842,-18.274,-21.902,-21.53,-20.799,-23.141,-19.875
-26.45,-19.927,-23.2,-21.575,-21.99,-22.359,-24.548,-21.575
12.24,8.6221,15.341,13.577,10.454,18.742,8.4001,12.94
-10.833,-11.577,-9.3132,-12.662,-10.032,-9.8422,-14.435,-8.6544
30.917,25.923,45.142,32.801,27.895,36.569,27.505,20.941
43.094,27.916,39.465,32.26,33.345,28.4,36.286,37.061
57.161,75.84,63.154,55.34,58.469,75.074,55.418,63.048
44.123,42.459,43.725,46.619,49.423,52.654,43.726,36.572
3.4592,3.8608,5.7348,0.97628,5.2738,5.0144,0.44217,-0.077399
57.921,68.612,109.5,83.844,74.615,59.564,84.272,86.115
-13.664,-6.8865,-9.9816,-8.6767,-11.385,-11.474,-9.3933,-3.7352
54.829,44.275,84.091,67.767,87.116,68.377,86.278,78.632
-25.129,-18.709,-20.374,-19.418,-20.566,-16.405,-16.185,-19.994
59.82,81.864,78.526,81.083,78.448,67.601,61.038,77.602
11.467,9.1117,12.173,8.447,10.252,8.0372,9.9513,9.525
30.355,37.45,38.799,44.049,35.245,39.565,35.391,28.45
35.66,36.849,36.03,37.514,48.08,40.036,39.788,36.706
-11.708,-12.384,-11.244,-11.721,-10.587,-9.8959,-11.437,-11.333
10.083,10.358,7.0215,7.4508,7.8852,9.1741,10.381,10.015
-16.202,-16.561,-20.942,-13.072,-22.608,-16.139,-12.606,-12.491
106.07,85.822,83.216,69.352,87.229,77.61,91.677,31.099
82.527,80.574,75.659,92.327,78.267,123.82,81.311,76.343
10.516,8.7182,7.3354,9.7867,10.668,9.023,10.018,8.914
0.54288,-1.6783,4.0466,6.1364,4.1632,-0.37573,5.4269,4.455
-17.064,-17.199,-23.422,-9.2263,-18.882,-13.102,-17.634,-14.871
91.288,91.231,101.08,85.212,98.695,95.068,92.164,96.604
-20.203,-16.746,-16.666,-18.548,-11.065,-14.562,-15.672,-17.638
73.672,66.943,98.239,71.606,75.664,45.308,64.872,83.46
50.13,48.948,54.806,67.135,50.612,46.606,40.424,54.932
-10.779,-12.272,-9.8263,-12.035,-10.913,-10.141,-11.523,-10.984
0.62524,-3.617,-0.11415,0.27327,-2.5532,2.6523,4.1,-1.8176
-10.547,-13.648,-11.896,-11.171,-9.3178,-12.378,-11.259,-11.082
30.944,31.61,33.783,27.407,30.007,34.948,24.684,29.124
89.315,75.369,78.181,66.421,72.023,69.037,55.035,111.58
-22.327,-15.839,-21.964,-23.731,-21.944,-25.39,-27.872,-22.749
103.8,94.85,108.34,99.073,100.16,100.6,91.592,77.787
66.594,41.593,41.763,49.543,46.032,50.695,40.251,44.908
-1.4781,-1.6072,2.0552,-2.0478,0.31953,3.5243,2.0257,-0.31475
46.027,35.472,40.722,49.384,39.792,39.019,46.308,64.706
42.245,15.509,32.115,14.911,28.409,22.442,35.466,33.964
-10.765,-11.547,-12.691,-11.545,-11.905,-10.009,-12.877,-10.789
4.4232,3.6966,-1.5822,5.6145,6.1068,2.5565,1.8058,1.3102
-18.281,-13.235,-21.378,-19.238,-23.705,-23.3,-21.116,-21.102
14.977,6.2289,9.187,7.7478,10.278,10.495,14.312,12.673
4.026,8.7064,-1.1821,1.8925,1.9662,-0.4172,5.4433,1.6821
75.698,77.287,71.659,80.488,79.526,68.453,71.734,52.568
-1.2426,-5.4294,-7.1842,-6.8292,-2.9975,-6.3553,-4.6944,-11.736
13.555,11.952,8.5384,9.8522,6.809,11.324,9.9664,8.4652
10.89,8.5039,11.723,9.0575,7.1657,9.1359,10.098,9.514
-21.518,-20.667,-20.925,-22.698,-19.768,-17.15,-20.327,-21.929
-2.8362,-0.80948,0.54189,2.0626,2.7722,0.42633,-1.0959,1.5276
-21.072,-16.347,-23.72,-27.103,-25.144,-21.784,-18.558,-22.086
-0.56261,5.1485,0.11557,3.3228,-0.38223,2.5743,4.12,-3.6424
3.2363,4.08,1.7475,-1.9807,4.9596,-0.63115,4.4801,6.0952
28.599,35.91,29.273,27.483,30.861,31.062,31.643,27.822
-10.637,-11.759,-13.998,-11.475,-11.596,-10.767,-7.4729,-12.501
100.12,103.78,91.844,89.196,111.26,93.722,85.504,93.161
-22.917,-30.117,-17.833,-18.948,-24.438,-25.693,-25.307,-14.754
-10.29,-9.235,-0.63456,-13.64,-5.3423,-9.2357,-10.376,-12.418
54.332,46.402,48.71,89.425,44.061,65.399,56.025,73.926
1.274,1.7858,2.5317,1.8173,4.65,4.7496,1.4538,0.40827
93.303,89.268,92.125,92.15,106.79,95.811,97.22,102.75
68.462,84.149,63.472,93.464,50.067,68.462,69.88,80.259
33.457,20.334,31.679,29.733,28.591,30.731,32.066,28.336
10.157,8.6696,9.6029,9.0721,10.66,8.451,8.6321,9.4643
-12.206,-8.4843,-10.296,-8.1081,-11.763,-12.931,-8.5787,-3.0905
2.0088,0.030376,-7.9475,-3.9457,-2.6085,-0.01818,-5.4801,-3.1321
-19.605,-23.45,-27.133,-22.365,-25.883,-17.078,-15.083,-18.417
-18.269,-22.446,-18.746,-18.366,-19.689,-20.519,-22.874,-20.841
37.805,26.139,29.144,33.738,32.829,25.248,28.718,32.108
65.872,49.288,41.759,59.367,59.409,49.215,47.026,50.088
29.651,28.35,30.448,30.079,35.235,33.484,25.536,31.869
-14.517,-11.302,-12.61,-12.377,-11.33,-10.325,-11.586,-9.3148
-7.8793,-17.994,-14.169,-18.182,-18.257,-14.07,-14.587,-18.302
-18.791,-26.379,-22.05,-26.799,-23.049,-14.272,-20.365,-13.339
28.09,26.952,34.01,33.791,27.32,33.318,24.228,32.732
-19.988,-21.083,-26.717,-19.41,-24.782,-32.075,-23.45,-27.214
75.157,53.899,69.06,83.376,80.254,85.194,59.341,76.348
29.362,19.491,30.258,37.217,27.115,17.174,17.222,31.334
9.4191,12.012,9.3622,10.704,11.087,9.4427,9.6367,10.309
-4.2789,-4.1186,-8.3587,-0.19051,-1.0853,-0.6032,-3.3869,0.13146
43.703,31.078,16.487,21.942,32.066,26.745,24.085,37.355
0.69035,0.89878,-0.34422,2.3856,1.6455,4.0994,2.2222,1.045
-20.199,-22.813,-16.086,-22.026,-14.673,-18.763,-20.112,-23.075
38.218,33.448,46.88,33.319,42.772,31.561,26.714,40.539
41.818,37.264,30.016,35.227,33.302,38.957,31.513,40.972
-24.053,-21.27,-22.552,-18.914,-19.004,-19.626,-20.925,-24.099
2.1334,-6.237,-3.798,-3.3,-6.476,-3.6173,-5.7777,-5.8816
-19.777,-20.585,-24.561,-18.876,-19.69,-19.328,-19.673,-19.581
33.702,32.337,35.3,39.044,32.99,36.521,31.128,27.576
107.09,96.563,80.108,102.85,99.121,94.783,86.729,99.037
6.165,4.317,2.8484,0.64656,1.1636,2.1204,1.1516,0.87748
11.139,9.9268,7.7646,10.044,10.527,10.45,8.7123,8.2645
29.421,39.981,30.125,34.374,34.629,29.111,50.415,33.583
40.513,36.976,39.703,33.767,28.082,35.987,39.116,36.676
-8.6761,-20.43,-28.481,-20.507,-19.128,-19.23,-20.818,-14.645
2.5609,1.0285,-0.35264,6.1883,-0.67876,-1.2249,3.1911,-2.194
88.024,100.78,86.306,96.519,94.47,108.33,93.598,87.022
-18.09,-18.723,-16.271,-21.12,-15.363,-17.966,-23.834,-9.4855
54.254,20.656,64.254,60.383,60.52,60.831,52.659,72.346
8.8816,8.1485,17.64,12.811,10.918,11.718,11.759,10.686
-19.859,-20.906,-20.963,-17.685,-19.354,-20.333,-24.334,-19.241
8.6741,10.034,9.7155,10.533,9.1536,8.7894,10.567,10.707
-11.515,-12.083,-6.622,-9.7335,-14.99,-17.933,-5.8021,-14.208
1.0908,3.0634,3.2777,1.0719,-2.1756,-3.0324,3.4011,5.7274
12.101,13.495,8.7142,13.354,13.773,12.851,14.301,15.934
-11.795,-12.168,-6.5786,-12.298,-14.634,-10.107,-9.7349,-12.394
0.83113,1.3343,2.211,0.44688,0.89878,1.4214,-2.5811,-0.56132
13.082,10.948,11.923,19.589,9.0677,10.774,11.146,16.403
54.419,40.919,37.135,53.226,40.827,45.629,55.984,49.445
-19.878,-16.943,-18.211,-19.437,-21.809,-21.822,-22.865,-19.876
-14.081,-7.1278,-13.764,-10.881,-15.677,-11.6,-14.147,-10.572
78.429,74.255,76.615,64.467,55.992,80.119,85.391,89.376
10.348,11.528,10.075,10.479,10.412,9.1434,10.754,11.766
-0.55809,1.031,2.5714,3.7667,0.49102,1.1133,1.9907,2.2439
-13.35,-13.642,-8.4886,-12.059,-19.231,-12.545,-10.128,-5.812
-21.605,-25.623,-27.405,-22.373,-24.582,-19.094,-11.798,-34.686
-17.793,-24.514,-17.818,-19.876,-20.672,-21.932,-22.445,-19.883
86.818,64.511,64.993,83.966,76.73,97.711,99.581,94.59
0.18693,2.5554,-0.17109,4.0818,3.4591,1.8428,2.874,3.0756
15.855,9.2098,16.963,8.4104,6.4195,14.643,17.801,9.3484
-6.384,-0.038255,-3.2234,-8.2666,-7.9947,-3.4623,-7.8908,-2.8476
-4.2502,-2.5203,-1.2315,-1.012,-2.8568,-5.9856,-4.9394,-5.2297
10.113,9.4034,19.776,9.5886,7.8033,13.26,15.204,11.101
43.802,33.075,32.758,37.736,35.25,32.563,35.605,40.379
2.31,3.2869,0.65569,8.0236,1.7068,0.9724,0.62992,1.8185
-9.8062,-6.3049,-15.832,-11.159,-5.3636,-11.466,-7.3233,-7.8763
69.451,72.351,70.186,70.166,54.998,70.338,73.318,80.005
1.3419,1.6623,2.6724,2.3901,-2.6254,1.4678,-1.0611,0.725
-4.8855,-3.2592,-9.6766,-5.2202,-2.98,-2.3564,-6.8585,-0.98703
-0.27719,-0.80467,2.2482,0.37601,-0.5796,2.2095,0.41033,3.7075
-13.253,-18.608,-29.394,-18.469,-29.075,-19.165,-28.66,-28.877
39.089,38.026,29.183,41.114,37.513,41.97,36.854,34.569
-25.801,-29.665,-21.821,-18.527,-25.078,-19.201,-16.093,-26.443
100.09,97.187,99.487,95.287,104.6,85.193,84.416,94.567
39.96,30.239,36.047,36.636,29.97,36.309,39.63,36.916
-27.21,-20.273,-23.595,-17.492,-19.804,-15.57,-13.59,-18.892
-10.596,-9.6241,-12.027,-11.167,-12.776,-9.672,-10.053,-13.153
8.3016,3.2044,1.5575,2.7032,-0.382,0.096371,4.5146,2.2323
4.2618,0.95152,-2.1314,2.8551,-0.21406,3.5717,-0.063736,2.3502
9.9867,8.2205,13.454,9.204,14.433,12.57,15.558,12.411
30.763,15.845,19.732,14.157,20.425,28.189,28.304,38.932
98.037,46.243,75.325,78.375,67.553,84.781,87.018,90.825
-1.1857,0.34227,-0.15241,-3.1885,2.4774,2.5083,-0.58133,0.57079
-10.314,-19.434,-16.571,-15.843,-14.825,-12.384,-13.731,-14.091
9.5001,14.58,9.3383,8.0831,9.7332,6.0957,17.908,10.767
37.254,37.388,38.383,43.957,42.016,36.476,37.248,30.668
-6.3163,-13.14,-11.081,-10.941,-5.6129,-13.128,-5.2395,-12.246
50.192,52.813,49.225,41.356,37.724,54.293,45.139,54.344
-5.0888,-5.5828,-2.0742,-1.1097,-2.4355,-4.3391,-4.8112,-3.3491
24.099,29.943,19.237,26.177,24.257,21.085,32.232,18.871
-23.335,-18.197,-19.709,-18.796,-21.962,-20.799,-19.74,-23.475
1.6319,-4.5897,3.7728,-1.2161,1.7674,3.0263,-4.3364,3.7061
54.741,73.696,51.934,65.721,68.2,61.031,70.391,66.182
11.02,11.254,14.45,13.388,14.961,12.351,12.865,9.6744
18.497,37.212,22.129,26.254,30.677,27.165,22.904,38.258
34.913,39.843,35.626,38.774,39.556,34.706,36.719,37.977
-23.44,-24.205,-24.104,-30.331,-20.611,-29.435,-16.54,-23.49
45.57,49.701,40.523,41.43,31.895,54.121,51.24,52.488
84.969,40.469,99.927,87.08,76.615,91.377,111.87,99.957
8.9332,14.696,13.522,13.728,12.624,8.3933,17.472,11.655
62.486,70.961,66.9,79.941,73.089,69.385,59.036,75.601
41.845,54.738,56.598,48.118,42.536,51.248,44.324,40.962
92.314,89.523,93.842,92.261,95.963,93.866,93.493,74.872
-22.389,-8.1644,-16.345,-11.361,-10.326,-13.027,-10.254,-14.458
-16.227,-13.719,-4.7795,-13.327,-14.246,-11.099,-11.991,-14.522
9.4796,4.7899,10.447,13.201,15.233,14.116,10.789,11.173
-23.288,-19.335,-17.702,-22.217,-20.297,-18.909,-22.17,-20.362
97.628,86.636,87.992,93.053,86.142,90.508,83.084,95.016
2.493,2.6591,-0.15578,2.8505,4.2315,0.40349,0.84227,4.5258
-23.091,-17.396,-20.411,-11.08,-22.051,-18.487,-15.394,-23.708
-1.6898,1.3066,-1.3132,1.2318,1.8869,0.3384,3.3916,4.4218
10.152,13.15,10.223,13.438,12.244,9.208,15.367,16.269
28.551,43.383,34.381,26.1,33.256,28.465,31.069,29.88
11.871,12.693,13.266,10.417,18.567,14.879,14.459,11.026
13.474,7.2208,13.891,10.72,11.728,10.056,8.3201,10.553
77.577,66.552,76.734,78.601,61.976,78.095,86.975,114.81
-11.565,-11.948,-14.399,-12.333,-12.436,-11.83,-10.829,-11.506
94.55,59.53,68.561,72.34,53.302,80.908,91.734,74.178
-13.378,-11.874,-10.451,-9.2795,-11.687,-9.1257,-9.2529,-10.845
-9.9025,-10.988,-8.4314,-11.136,-8.473,-17.747,-6.461,-12.28
-1.2581,1.4476,-2.8458,-0.51605,1.6555,0.41353,2.8696,3.4469
57.794,51.748,73.38,59.356,46.989,82.411,97.515,58.351
104.44,98.55,101.48,100.99,83.862,84.541,110.46,101.12
25.471,33.704,22.049,34.418,37.447,38.315,40.097,33.602
39.574,27.651,33.205,26.399,21.031,29.524,33.874,34.292
-9.7314,-10.099,-8.864,-12.968,-9.5883,-11.239,-11.388,-15.137
-29.866,-25.573,-26.07,-15.539,-20.333,-20.947,-19.34,-16.534
-15.451,-21.742,-19.331,-17.869,-20.378,-17.137,-17.858,-19.724
-21.533,-24.804,-24.379,-29.072,-10.678,-24.377,-23.64,-12.154
60.173,74.656,88,56.019,56.478,50.817,70.14,69.844
1.5438,-1.839,1.4225,0.19538,1.6524,-0.16526,-0.20875,-0.42586
60.695,71.771,77.922,82.271,82.859,40.426,61.962,74.976
38.082,38.718,31.258,31.992,31.649,38.675,33.758,37.823
12.397,9.9049,10.092,13.759,11.611,9.7968,10.951,13.611
43.79,36.918,34.934,42.471,29.942,36.017,36.683,39.168
39.735,48.919,57.219,39.994,36.077,55.904,56.991,47.37
-20.065,-19.422,-23.831,-22.559,-27.68,-21.485,-22.195,-18.424
9.7878,9.233,8.4724,11.919,12,10.694,10.943,10.032
3.9805,2.4422,4.9777,1.7699,-0.035804,0.49365,2.675,1.4801
28.969,33.794,29.009,37.019,38.345,41.118,43.604,37.08
34.019,26.961,27.106,39.842,26.271,21.02,21.706,28.037
56.117,40.864,40.722,55.869,53.852,48.747,40.952,41.22
36.992,38.272,36.6,37.021,34.586,34.355,37.568,31.971
0.87538,1.8134,4.1469,0.77504,-0.34027,1.4597,4.2106,1.6229
21.156,19.907,14.371,19.955,22.519,40.445,41.787,23.863
20.734,33.838,34.005,22.692,33.997,28.142,33.075,32.78
-25.259,-16.786,-16.16,-15.817,-18.945,-18.549,-19.583,-17.927
36.314,21.174,27.776,41.599,33.36,23.811,33.265,27.284
-10.693,-10.305,-9.1255,-8.118,-11.726,-14.247,-9.4351,-9.6098
8.2529,7.9374,11.797,6.8977,8.461,7.9573,9.8217,12.444
23.562,29.138,23.503,22.597,12.474,37.475,32.674,33.705
17.51,28.09,25.923,30.365,30.295,29.28,25.017,29.234
-19.417,-15.122,-12.129,-14.628,-15.394,-18.026,-23.319,-19.218
92.525,66.283,83.385,66.081,66.124,81.215,76.933,95.066
9.3325,11.43,11.049,10.721,12.375,14.058,13.383,6.9318
8.1864,10.435,9.0729,8.0304,11.805,10.276,11.693,10.983
-11.975,-7.4227,-8.2847,-10.904,-15.873,-10.488,-2.8739,-10.557
-21.037,-21.146,-26.408,-25.199,-26.44,-13.407,-34.591,-20.761
-17.557,-23.494,-24.457,-25.393,-17.163,-20.645,-22.929,-21.731
-20.225,-22.083,-20.347,-21.671,-23.566,-20.019,-20.867,-22.504
49.5,65.368,49.886,53.958,55.075,72.996,68.726,65.983
13.38,12.688,5.1688,16.742,10.641,2.9948,11.932,8.7078
-11.199,-8.3433,-7.3897,-8.6603,-9.2621,-5.7772,-8.9675,-14.497
29.017,31.449,25.221,22.059,33.697,42.694,18.497,26.952
70.655,70.238,79.07,48.076,78.498,51.532,71.335,61.426
71.244,84.271,69.678,100.66,79.991,102.45,101.79,80.729
49.711,40.036,51.458,48.516,50.729,47.711,43.718,41.008
36.792,33.725,42.323,47.498,39.127,38.111,32.85,44.606
-12.582,-15.785,-11.61,-21.965,-14.941,-23.653,-19.602,-11.018
12.979,11.047,9.5619,11.257,7.6134,14.081,15.436,13.92
37.714,40.05,33.729,32.526,43.006,32.687,35.87,39.538
66.235,52.947,56.977,40.961,55.245,59.017,45.45,48.276
63.115,78.028,79.259,64.306,38.23,84.466,70.366,75.684
-17.593,-22.025,-20.516,-23.32,-21.382,-17.396,-22.351,-22.362
-6.081,-3.385,-5.8763,-4.8322,-4.0545,-1.7901,-0.32944,-1.158
7.9962,15.268,10.032,11.678,15.108,13.825,11.947,11.407
-1.3459,-0.69341,-1.6,1.8799,-0.86174,0.29088,0.71259,2.9466
7.8987,8.9019,10.253,6.8809,10.128,9.5066,9.8857,7.8781
39.051,31.506,30.402,28.939,39.648,26.151,28.072,23.817
-19.693,-21.702,-20.439,-19.19,-18.491,-27.457,-16.927,-18.439
13.043,23.224,6.4654,11.78,14.218,9.5449,17.148,6.3377
53.697,57.525,67.254,57.053,34.944,49.121,71.17,59.773
114.84,74.726,71.961,67.944,76.188,98.848,61.17,95.439
35.806,39.077,34.666,39.541,40.486,34.373,39.349,37.316
-27.651,-23.324,-23.442,-27.408,-28.494,-17.591,-27.806,-14.874
13.129,14.436,11.486,13.387,5.7985,10.379,6.8735,19.467
28.604,39.151,34.461,13.274,24.82,14.771,21.004,38.957
-22.143,-19.972,-14.129,-22.032,-14.561,-24.136,-17.67,-22.454
14.487,35.155,45.019,20.64,27.58,29.213,29.779,26.47
24.493,28.093,43.136,30.247,27.132,37.49,38.041,33.284
8.5217,5.0964,9.4694,14.103,13.638,12.825,11.249,9.2816
14.323,15.608,8.8303,11.889,12.639,18.004,13.498,13.851
98.601,79.583,113.35,47.795,88.487,98.173,75.361,105.89
6.8308,4.9177,4.6884,2.1098,6.4378,4.6268,0.2339,2.4556
30.6,38.246,30.74,6.9744,19.795,16.874,41.145,26.096
89.104,92.846,77.096,88.037,96.232,100.86,97.137,90.407
96.206,93.288,100.52,94.304,95.623,98.328,108.39,87.381
67.531,48.122,86.907,66.138,73.84,67.443,68.742,83.019
-3.0996,-2.222,-4.5798,-5.7157,-2.1334,-5.587,-5.4253,-3.7856
10.522,8.9877,10.562,9.6274,11.411,10.739,8.6157,8.7456
-0.040325,-2.5379,0.23105,1.1769,1.7173,-0.23971,-2.0129,1.4998
-11.651,-8.799,-10.73,-12.257,-11.586,-10.055,-8.9453,-10.219
-25.021,-14.601,-30.466,-23.711,-28.489,-29.668,-21.689,-24.372
-11.911,-15.024,-13.883,-6.0431,-13.643,-8.1049,-9.8636,-12.145
68.575,81.963,84.348,92.118,73.65,70.609,91.032,97.077
-11.731,-11.535,-15.144,-18.013,-16.72,-20.297,-18.018,-14.864
68.878,94.171,83.794,51.281,75.059,65.275,84.932,59.15
-15.249,-17.711,-14.416,-18.288,-15.934,-19.852,-17.766,-15.795
33.774,29.932,27.858,27.984,22.345,21.04,35.613,36.892
52.039,55.133,41.496,57.625,65.931,40.853,52.489,50.444
17.249,10.356,14.385,11.84,14.125,8.7734,18.75,10.983
31.171,19.458,26.202,17.082,36.856,15.026,23.902,23.113
-4.9887,-3.3321,-8.4522,-1.8664,-1.0625,-5.8956,-2.0891,-6.6864
-2.2713,2.5692,0.16953,2.0874,3.2015,1.0813,3.7105,0.19226
36.616,40.32,43.493,42.564,42.165,47.493,60.222,45.203
8.9068,12.221,11.741,11.452,9.7257,9.7471,11.501,8.8241
-12.455,-6.8915,-6.683,-6.2269,-6.84,-9.4266,-8.8919,-9.6394
15.96,38.65,26.142,36.784,22.685,28.572,25.882,42.707
10.193,12.908,13.127,13.858,5.0833,15.049,12.93,10.98
71.024,53.325,65.855,73.02,60.893,48.541,69.585,44.289
-23.946,-25.447,-20.192,-23.274,-27.214,-25.33,-21.316,-25.073
43.514,33.99,34.004,32.845,23.437,29.057,33.438,31.982
-12.024,-10.189,-12.633,-7.3299,-10.774,-10.571,-9.9879,-13.672
4.0639,0.68825,-1.448,1.316,0.67762,5.5016,-3.2191,2.6548
91.467,77.584,66.334,85.12,86.434,89.766,65.888,84.005
83.751,76.79,81.597,74.003,61.823,92.971,65.339,64.516
34.922,34.504,40.236,40.439,35.738,37.385,36.894,31.273
4.6977,6.0827,7.1696,0.93487,3.989,6.4945,1.3669,4.5093
2.6051,3.7843,2.6434,0.086666,-1.094,0.64566,-2.0564,-0.22649
-11.767,-17.925,-17.033,-16.602,-14.569,-20.202,-23.827,-14.026
78.415,89.478,55.405,62.646,85.003,73.532,76.406,80.763
2.5913,4.454,3.1269,-2.221,2.99,1.0555,4.4293,2.851
31.469,19.577,27.91,39.932,39.915,25.115,28.164,26.81
63.071,48.682,72.247,41.417,45.022,63.193,50.941,38.714
7.2957,5.9452,8.1121,8.7002,14.037,8.6857,11.873,9.7806
33.433,43.975,60.476,55.013,55.455,35.071,56.352,44.799
5.8615,6.8024,10.218,10.905,14.044,14.511,9.5338,12.617
0.59975,-8.7225,-2.862,-5.09,-6.1654,-9.1136,-4.4499,-7.0457
33.717,32.746,39.848,30.727,41.723,34.673,38.422,34.08
-10.962,-15.21,-9.2293,-12.605,-12.972,-11.208,-8.5782,-11.321
-18.066,-16.714,-21.016,-20.911,-20.005,-20.004,-19.856,-18.912
-25.123,-25.758,-19.063,-19.047,-12.953,-8.7504,-14.697,-16.787
-24.064,-21.895,-19.314,-8.9678,-24.935,-11.974,-26.407,-30.125
-14.056,-21.775,-23.211,-16.825,-20.559,-22.637,-20.991,-24.087
-10.769,-6.1584,-5.7092,-15.329,-10.898,-7.9544,-10.975,-11.841
7.4311,17.303,10.793,10.18,16.75,10.833,8.2814,7.403
42.793,34.503,23.125,13.73,26.887,20.218,30.232,28.748
41.596,42.825,36.961,35.343,37.96,40.172,43.598,44.348
-22.709,-21.764,-21.69,-22.789,-17.396,-23.036,-22.135,-23.247
85.529,85.975,106.34,96.14,89.393,79.305,93.753,93.976
15.63,12.101,16.035,14.599,18.41,14.42,11.458,14.188
5.0864,14.987,11.014,9.7481,14.069,11.824,10.025,17.496
-11.773,-15.908,-10.671,-13.757,-8.3544,-7.4204,-5.9101,-13.342
34.759,41.495,45.122,32.55,40.889,39.18,42.596,32.331
56.461,34.985,60.081,49.606,83.322,73.82,60.215,69.114
-18.925,-20.649,-13.874,-23.525,-23.041,-29.434,-22.475,-11.211
-21.377,-22.19,-24.508,-27.311,-26.411,-24.385,-18.676,-22.318
68.791,79.297,54.338,65.755,69.364,73.913,78.407,56.125
1.5111,-0.40381,-1.3476,-0.37479,4.1309,1.6852,2.6922,-0.98735
-9.4556,-9.3726,-12.268,-10.316,-12.403,-13.359,-11.108,-11.874
4.7879,1.004,0.026745,-2.8851,4.5501,-1.7497,3.2137,3.2051
1.3314,-1.4846,2.9319,-2.2931,-0.26274,-1.2588,-0.56047,-1.7098
-30.852,-25.904,-26.391,-20.406,-24.289,-20.524,-12.563,-21.825
81.73,85.969,72.223,57.927,65.46,68.819,90.789,67.89
33.057,36.045,33.302,35.224,37.784,36.272,30.088,36.092
2.4184,2.1584,-0.78148,4.4307,1.519,4.4739,2.9736,-0.52214
100.42,96.74,103.43,90.366,98.808,104.37,92.931,105.64
-9.2828,-14.36,-5.308,-12.416,-11.403,-15.989,-13.785,-13.418
-10.528,-9.5508,-9.8588,-10.086,-10.088,-12.705,-10.025,-11.359
-5.399,-8.2973,-1.9693,-6.3949,-9.7441,-2.8372,-2.4445,-8.4821
-0.57065,-2.4862,1.4201,3.6719,7.0775,0.13225,3.2439,4.5307
3.7961,3.7229,-0.19596,-1.6708,-0.86917,2.4136,-0.79019,-0.58485
12.892,10.682,11.258,12.754,10.325,15.646,11.67,14.699
-5.9344,-5.5683,-8.3953,-1.4876,-1.271,-1.2639,-4.5752,-6.3162
44.315,28.382,45.173,39.176,44.034,28.41,37.025,29.907
10.467,8.5032,9.2919,11.891,10.11,7.5642,8.9132,10.129
90.583,97.153,106.11,91.759,96.504,99.661,94.04,85.76
50.186,43.138,57.333,54.614,45.334,32.374,43.895,52.657
-7.7812,-6.4842,-8.4211,-15.307,-5.8259,-15.651,-8.7332,-10.876
1.9545,0.42974,-2.8917,1.9748,1.0283,2.2186,1.305,0.031588
-12.911,-14.267,-12.855,-17.555,-17.763,-18.659,-14.304,-15.662
35.346,37.225,28.424,38.378,37.1,36.73,26.547,32.001
66.061,61.094,82.313,75.429,61.57,60.088,70.326,61.115
36.278,42.617,34.082,36.448,38.496,37.4,37.965,33.411
-21.165,-18.184,-15.715,-16.503,-14.947,-16.447,-16.11,-10.958
-11.224,-11.397,-12.045,-11.772,-10.426,-9.8723,-10.05,-11.987
98.416,50.535,63.997,87.14,71.853,68.073,70.895,60.611
29.278,35.312,22.573,30.491,29.362,28.156,27.102,34.109
-11.407,-11.139,-9.6388,-11.252,-11.726,-12.773,-8.9596,-11.909
-9.9098,-5.7261,-5.0751,-5.8462,-6.5559,-1.1366,-4.2434,-10.72
-20.415,-20.752,-21.528,-18.245,-22.476,-21.709,-24.404,-23.072
38.07,27.932,30.833,28.941,29.389,33.582,37.527,31.989
18.556,16.131,10.247,16.213,10.922,9.2288,13.435,10.073
-23.513,-24.232,-22.265,-21.33,-15.169,-26.646,-21.279,-24.94
81.554,96.498,73.599,94.123,63.455,69.757,95.923,68.296
9.7435,10.403,9.6281,8.7068,8.6664,9.1998,5.5693,8.9114
-21.495,-21.828,-13.884,-20.562,-16.765,-12.698,-15.917,-24.563
-12.63,-10.211,-10.776,-12.463,-15.643,-13.648,-9.9928,-14.729
-10.509,-14.129,-8.895,-6.71,-11.311,-7.4398,-5.4154,-15.688
9.7353,10.995,7.7464,7.5967,8.553,9.1977,6.7763,8.0826
55.893,48.046,42.466,37.007,40.772,50.034,36.461,66.452
36.766,30.287,33.276,28.743,35.55,28.142,27.955,38.676
95.446,103.9,95.461,107.33,101.21,116.81,94.841,97.022
-0.90314,0.11006,0.2741,5.2574,5.1822,0.28438,-0.41332,-0.14352
70.641,82.07,60.067,85.22,75.804,61.438,85.971,56.432
1.1276,1.1638,0.39754,-0.30146,1.4865,4.2579,-1.0996,1.0165
56.223,82.483,87.76,80.645,64.326,70.389,69.767,42.101
-14.866,-10.6,-2.9064,-11.619,-12.91,-12.565,-11.727,-8.2602
5.0697,6.4674,3.2659,2.9506,2.5714,4.2002,4.0125,4.3423
41.143,32.616,30.188,32.836,29.017,29.916,36.105,34.24
26.476,29.747,37.124,39.827,36.982,25.331,14.565,34.266
54.958,60.837,42.709,65.17,54.205,71.107,51.88,81.429
-0.24255,1.7197,2.5009,2.9593,1.3201,3.301,-0.16172,3.6546
50.574,42.959,42.397,36.644,35.88,50.274,49.96,47.361
-10.239,-8.5619,-14.045,-10.013,-11.069,-8.7464,-13.052,-10.227
37.809,45.365,51.235,44.464,44.627,54.286,54.26,54.121
13.371,11.061,8.4583,8.3155,18.329,9.758,15.128,9.8708
24.163,31.416,29.594,35.834,26.634,35.719,31.136,32.12
11.116,11.579,6.8039,8.1323,8.8907,8.8655,10.504,10.692
1.6841,2.3421,-2.415,-1.6866,3.4129,5.4733,1.9652,2.7437
-13.251,-12.204,-14.156,-10.325,-7.8954,-12.016,-11.015,-11.883
82.338,102.17,90.308,69.656,49.063,89.428,91.271,79.967
7.9903,12.402,12.856,7.6157,14.181,9.3909,9.5235,9.6422
36.59,34.75,36.514,35.679,31.199,37.127,38.273,40.578
85.635,93.383,92.648,106.68,91.32,93.496,84.464,101.66
-0.11838,0.53356,0.5961,-1.7005,2.4659,1.1774,1.9244,4.1206
35.259,34.457,33.95,33.152,37.506,37.871,39.553,27.099
98.238,96.788,102.47,88.108,100.34,100.58,98.734,100.23
-25.128,-18.046,-29.354,-19.763,-14.452,-18.727,-28.601,-26.696
94.217,100.58,79.171,99.526,88.89,90.871,103.24,91.507
-21.311,-23.754,-27.745,-13.276,-21.201,-19.214,-23.107,-27.331
0.62451,2.0762,1.5497,1.0838,3.756,2.9599,2.0505,3.267
103,66.779,106.53,67.586,89.775,87.769,85.741,71.63
31.308,39.166,22.386,35.927,18.941,22.371,36.446,25.314
56.863,58.444,61.214,48.469,46.157,37.598,50.705,43.339
-24.297,-16.526,-6.0882,-22.131,-25.84,-26.24,-34.34,-18.184
-7.4873,-5.7607,-7.1154,-4.8458,-1.8895,-7.4948,-5.5556,-2.6395
-21.105,-17.802,-22.941,-20.831,-23.158,-19.929,-19.644,-18.171
75.788,90.899,74.972,80.036,68.048,73.185,68.341,51.637
35.735,37.383,29.781,31.755,37.708,41.459,41.454,38.215
-0.93311,-4.9834,3.4032,3.3201,1.0972,5.4299,4.8689,0.93363
91.622,55.973,82.276,79.938,82.691,90.748,74.192,79.089
0.47815,-5.721,-3.1124,-11.13,-5.0393,-1.7501,-9.1325,-10.797
80.12,91.501,70.873,71.499,60.206,73.835,50.187,53.299
56.452,48.988,44.61,51.95,42.513,49.869,55.282,44.632
-20.623,-23.91,-19.616,-20.252,-18.81,-21.422,-20.657,-18.423
50.86,53.542,49.445,53.4,41.993,45.97,48.745,35.588
15.869,14.026,16.578,10.427,9.097,16.326,12.401,13.904
27.902,28.78,30.845,20.032,47.376,36.819,30.525,34.767
3.3254,2.512,3.6253,4.2207,5.2373,5.3896,1.0548,1.6691
-19.835,-23.652,-19.854,-21.249,-18.908,-18.743,-18.342,-22.77
39.09,40.144,32.152,39.189,33.997,38.121,29.87,27.311
69.83,68.177,49.846,50.707,64.022,60.542,58.251,60.686
40.793,42.555,33.191,37.532,38.141,35.877,39.002,37.961
50.666,27.838,31.244,38.37,36.688,37.819,33.491,35.272
35.74,38.085,38.347,35.51,32.499,38.448,32.09,32.299
35.78,31.756,37.373,31.998,41.391,31.748,36.453,42.93
10.87,9.8241,10.14,12.291,11.712,10.055,8.2619,11.495
-12.908,-10.633,-11.18,-12.04,-11.317,-10.84,-10.527,-13.256
11.452,12.153,14.889,7.8419,10.302,11.88,13.169,10.392
-25.676,-23.919,-26.045,-18.551,-18.851,-18.57,-26.44,-10.916
48.701,58.635,54.207,48.607,50.998,40.33,37.538,56.484
97.43,92.727,91.291,88.445,97.888,91.161,104.52,88.662
-7.6042,-2.2657,-4.9179,-1.4864,-5.4735,-4.3035,-4.412,-2.7921
94.761,73.342,55.241,70.461,80.583,89.657,78.154,85.742
50.102,64.663,74.534,65.32,65.633,58.609,65.666,61.928
-1.2713,-0.62668,-2.1872,-5.8448,-2.1261,-4.4273,-1.6886,-5.4392
111.19,90.393,103.78,90.515,99.612,98.328,103.46,100.38
93.907,94.986,100.74,93.898,78.926,97.504,106.87,108.22
43.178,37.012,40.747,37.247,35.97,39.339,39.256,33.253
81.374,100.92,60.858,93.173,88.905,87.733,82.202,90.943
7.5475,11.752,8.5562,8.1053,10.53,10.383,8.7812,8.2827
29.063,29.318,29.965,17.641,31.526,30.55,34.582,36.416
-9.8496,-11.637,-13.352,-10.367,-13.076,-10.309,-10.982,-10.785
-1.2905,1.3031,1.6832,-0.064684,-1.1371,-2.9751,-0.018649,0.50042
3.5816,2.462,-1.3296,-5.4005,-0.016103,0.45003,-1.3436,2.5746
-21.85,-22.413,-24.434,-21.405,-19.457,-22.842,-21.743,-17.002
15.394,11.603,15.284,12.432,20.364,11.157,10.817,13.728
83.411,116.54,80.258,78.596,73.508,68.749,87.648,92.126
-20.147,-19.06,-23.131,-21.274,-21.888,-21.697,-18.22,-21.659
72.903,68.579,68.107,64.936,111.62,80.969,71.997,70.655
38.457,34.949,27.456,43.43,38.269,35.839,34.701,38.587
100.38,90.583,107.66,92.244,100.41,99.312,84.675,98.584
-26.374,-20.708,-19.176,-13.952,-27.618,-9.3868,-16.138,-24.527
28.322,30.503,43.985,21.369,30.869,29.001,34.71,37.399
-18.666,-22.072,-20.133,-22.127,-23.513,-19.591,-22.252,-16.641
-31.208,-31.672,-17.254,-18.869,-14.318,-27.263,-18.653,-28.407
28.934,38.601,33.839,34.99,26.274,28.51,27.655,31.216
84.81,103.03,54.275,91.874,74.481,86.836,65.777,51.363
-5.0964,-5.8173,-2.694,-4.3783,-2.5129,-2.9487,-1.1848,-2.8103
11.956,9.4248,16.984,12.868,11.009,11.192,9.7338,12.507
8.5062,7.7303,10.295,12.827,8.3433,9.073,10.91,11.367
-24.184,-22.943,-21.809,-18.126,-23.024,-15.829,-22.325,-15.313
25.574,26.037,32.224,43.702,25.12,28.074,33.319,23.796
69.196,40.782,77.554,78.254,68.396,60.071,81.886,69.151
-6.6048,-6.4493,-9.8203,-11.73,-13.138,-8.6301,-13.323,-7.9209
1.1241,2.2285,-0.33507,0.2857,1.1191,2.1268,1.6023,2.0193
-6.1686,-7.8025,-9.2104,-7.1788,-2.7041,-0.22214,-0.24372,-7.0855
-10.56,-11.145,-8.7279,-10.561,-9.6128,-12.314,-9.4426,-14.647
15.601,35.95,18.107,30.722,24.697,34.006,39.099,28.888
33.999,19.743,34.975,29.816,36.272,32.999,29.2,3.4619
77.676,108.83,96.673,85.205,86.639,73.783,83.015,91.874
58.709,42.963,49.017,56.192,46.034,49.831,48.396,52.551
-0.16918,0.19796,-1.2679,3.9365,2.9971,3.2447,-0.075886,1.7398
-20.155,-20.403,-18.914,-22.334,-21.355,-18.95,-21.029,-20.08
10.661,13.005,4.5971,10.939,16.921,9.7004,9.3401,12.141
36.544,31.223,31.009,35.043,35.623,36.406,39.078,37.944
14.062,11.291,15.212,18.544,8.6789,10.91,13.442,11.994
41.038,45.886,43.182,37.263,52.446,42.42,35.225,37.914
30.246,32.501,32.991,34.501,35.733,42.574,36.115,41.836
32.384,41.649,35.207,42.52,40.926,30.839,26.772,32.594
-10.755,-15.776,-12.688,-13.733,-9.8605,-8.738,-12.287,-9.9169
-27.497,-20.739,-20.14,-24.257,-21.409,-22.268,-19.321,-25.327
34.987,28.127,40.409,31.921,35.877,35.419,37.96,34.177
9.9409,10.523,10.597,11.062,11.808,17.351,10.317,17.02
41.368,38.829,35.431,36.407,35.209,30.703,39.283,39.956
30.682,35.318,16.793,29.13,23.483,24.888,25.82,22.167
-17.866,-21.611,-21.637,-18.184,-20.409,-20.465,-19.585,-15.934
26.989,22.549,19.062,33.545,32.525,44.271,18.337,15.107
57.816,66.936,74.674,67.595,89.2,74.049,92.132,79.939
-12.729,-12.624,-7.947,-12.409,-10.062,-11.904,-11.194,-10.74
-18.752,-19.703,-18.862,-24.31,-15.23,-19.904,-12.532,-16.48
-19.313,-12.047,-17.515,-17.621,-17.926,-17.894,-12.731,-15.145
33.978,25.384,30.69,41.408,38.772,35.702,24.568,24.194
43.087,47.206,57.189,41.104,35.462,62.172,54.391,42.133
83.633,63.712,99.82,59.737,77.366,66.155,94.765,81.307
10.355,12.364,8.0361,10.115,9.1728,8.0838,8.282,9.305
-12.189,-11.818,-10.14,-10.198,-12.57,-11.62,-10.134,-9.8448
-23.693,-24.106,-31.447,-19.884,-19.955,-17.124,-18.854,-21.556
95.391,103.58,101.37,102.04,90.729,85.989,103.08,98.78
36.539,37.991,35.058,35.273,44.804,37.717,41.021,37.481
9.4617,9.8991,7.6452,10.497,10.153,11.663,10.942,8.8891
-25.455,-21.649,-20.153,-22.888,-22.781,-17.895,-17.262,-22.446
-0.72007,-2.894,0.064527,1.0708,-0.15649,0.10656,1.3897,-0.35476
-27.19,-14.233,-22.954,-29.414,-11.214,-22.318,-18.179,-22.487
52.716,67.831,49.491,66.041,80.878,61.334,83.935,68.434
-0.83051,-2.8021,-2.3347,-1.224,-4.1418,-5.7545,-5.5977,-7.3393
39.173,38.518,37.713,39.069,36.169,35.714,42.304,38.18
98.602,102.74,100.86,91.772,98.393,102.16,100.99,98.807
-7.3798,2.3649,-1.0798,0.17974,-6.7702,-1.843,-5.1203,-5.8847
42.64,42.959,52.7,47.012,45.615,49.232,43.361,47.617
-20.151,-24.783,-26.605,-31.203,-24.649,-21.313,-20.69,-16.698
27.666,24.311,29.132,32.469,27.208,36.977,28.97,32.237
-8.8085,-20.71,-18.712,-14.79,-18.307,-16.667,-15.529,-13.767
49.392,64.925,66.459,63.264,72.467,58.888,49.968,70.709
3.3987,-1.6725,0.40394,1.1113,-0.27228,3.9975,2.9715,2.4348
-2.7397,-0.71666,0.47017,-1.7724,-2.8194,-3.6253,-6.5653,-1.6531
56.228,67.934,59.337,55.747,52.04,46.064,69.011,100.37
-9.1741,-10.957,-10.745,-9.6674,-12.12,-10.435,-10.891,-9.1838
2.3722,-3.1415,2.0451,4.2503,3.4309,-0.95409,3.0912,0.99944
-6.3164,-1.9139,-3.4073,-6.2616,-0.0066391,-6.268,-1.1565,-4.1597
-7.0699,-11.261,-10.648,-9.4664,-11.543,-11.372,-15.533,-11.585
-24.097,-32.403,-27.846,-28.45,-17.69,-24.059,-16.16,-21.25
72.703,111.37,87.141,72.329,82.947,86.785,78.826,88.99
42.946,38.411,35.457,46.839,39.676,42.136,34.521,30.052
-17.036,-14.81,-16.911,-14.297,-18.395,-11.392,-14.061,-15.712
52.799,40.771,46.603,60.622,44.913,40.433,50.544,41.552
9.9808,8.1165,9.0257,9.6505,9.0884,7.8055,8.3774,9.3719
32.158,26.418,32.079,31.549,30.734,25.363,29.689,28.118
10.539,10.285,9.8215,9.4753,10.27,10.395,10.001,9.9518
-19.009,-20.229,-12.419,-18.626,-19.273,-16.916,-20.369,-22.469
-19.745,-19.294,-18.808,-21.685,-19.772,-19.24,-24.952,-24.85
-26.616,-21.792,-25.97,-9.7467,-14.157,-21.878,-22.012,-23.439
-6.2913,-8.9941,-16.885,-9.7767,-12.986,-13.089,-5.82,-12.925
60.732,81.462,72.315,77.042,70.147,66.503,57.138,64.003
36.432,44.313,37.545,32.191,29.875,37.679,36.617,34.229
1.3272,3.4505,0.90897,1.4591,0.12796,-0.80793,-1.1803,3.4275
37.983,47.257,40.566,49.857,47.626,47.91,38.898,36.345
30.055,37.81,38.834,37.19,38.541,36.2,33.288,36.836
-1.3698,-3.9672,-2.296,-0.78103,-8.2006,-3.5797,-7.0786,0.47637
44.864,51.246,42.805,50.383,53.985,49.102,52.382,52.005
-27.693,-27.131,-29.908,-25.136,-21.462,-20.336,-24.735,-16.15
-9.3009,-13.904,-12.173,-5.3954,-13.15,-13.057,-6.787,-6.1281
-9.6252,-9.3705,-12.492,-10.963,-8.8256,-9.1096,-9.1794,-17.184
90.926,81.014,101.21,102.11,85.265,91.021,113.14,92.89
104.5,92.774,96.966,87.402,84.809,98.866,95.7,94.069
11.238,5.752,10.197,9.8452,10.07,8.7881,7.2795,13.242
-19.047,-19.788,-17.778,-21.077,-17.462,-16.734,-7.8422,-15.349
47.962,36.046,40.85,34.258,36.387,31.018,33.885,29.279
31.524,38.262,34.607,42.604,41.286,35.255,42.546,41.772
-14.915,-10.639,-7.7508,-8.0779,-11.255,-11.086,-12.659,-10.242
91.862,100.11,105.03,87.579,104.82,88.956,90.661,97.004
56.514,72.78,46.822,78.412,76.089,64.227,75.979,66.078
32.274,48.864,40.381,44.553,51.906,49.134,57.527,51.295
28.022,37.468,32.618,31.114,30.385,30.767,30.903,38.491
11.834,10.818,8.0183,10.48,9.9504,8.3793,8.5297,9.809
38.811,36.357,30.087,33.418,45.032,36.448,37.826,39.869
89.126,99.712,96.302,103.62,105.83,93.906,94.153,94.484
9.3392,13.372,7.7685,12.114,10.574,7.0699,18.563,12.514
37.068,31.826,19.153,25.718,35.883,45.291,27.336,33.322
9.9578,7.4836,7.6955,13.569,12.324,9.1829,7.0729,13.067
-8.4027,-6.986,-7.3166,-8.074,-1.628,-7.1358,-8.9371,2.6049
-17.337,-15.009,-12.992,-19.028,-15.996,-25.636,-16.335,-17.474
3.6716,13.343,11.665,14.506,14.772,12.991,11.546,8.9708
-15.631,-19.512,-13.473,-17.302,-18.754,-19.362,-16.605,-13.489
7.7969,12.985,8.5421,10.235,11.544,9.042,8.7924,10.613
16.155,11.898,14.518,15.319,15.859,11.439,13.005,8.0799
-22.474,-24.63,-28.401,-18.058,-23.651,-25.351,-26.227,-25.11
7.0565,11.332,14.354,16.244,17.669,12.365,12.707,4.5633
-28.659,-10.997,-27.041,-20.191,-27.524,-28.517,-20.955,-15.431
52.746,51.286,85.272,72.625,55.058,83.266,75.918,60.261
37.443,37.545,31.775,37.162,44.137,37.62,37.927,33.214
-16.236,-21.612,-19.513,-22.663,-17.788,-20.91,-20.252,-23.636
12.864,19.742,11.771,6.4163,16.064,9.6245,13.861,11.046
24.49,36.948,33.23,30.117,27.041,30.672,39.362,23.035
38.531,33.258,38.778,32.091,38.024,32.496,37.273,38.05
86.804,98.612,97.391,100.58,88.247,119.98,92.046,93.684
-7.7545,-17.047,-7.9297,-10.703,-13.294,-7.4461,-13.281,-9.2608
-7.7143,-12.173,-16.808,-9.0744,-8.8002,-3.1194,-5.3412,-13.659
38.65,58.244,65.861,56.974,65.468,74.889,53.491,50.695
-21.059,-15.435,-18.418,-22.04,-23.567,-22.292,-20.691,-23.403
-10.999,-12.977,-9.4459,-8.9691,-8.0766,-7.2676,-9.0357,-4.6367
11.276,10.638,10.187,8.4413,8.681,9.0176,8.7702,13.238
-4.0292,-1.5182,0.97744,1.286,-6.225,-1.8761,-6.8942,-2.9733
2.2679,-3.3805,1.4393,1.4242,2.1761,-1.2798,4.0224,-3.3683
71.144,83.482,57.426,53.225,77.663,63.959,62.944,83.779
-6.3158,-10.521,-11.099,-17.416,-11.436,-8.8381,-11.175,-7.0589
80.163,55.5,88.233,51.561,74.155,68.415,79.726,75.155
15.905,11.033,9.033,11.265,16.229,4.7918,5.1296,15.132
83.016,80.009,73.883,74.332,83.573,93.831,113.58,76.519
36.183,20.384,28.618,30.623,31.454,32.531,26.955,31.855
-20.47,-12.824,-17.53,-10.596,-11.297,-12.437,-22.359,-15.898
-13.253,-13.635,-12.043,-14.498,-11.826,-12.419,-8.4628,-10.688
35.562,33.965,36.014,27.651,29.784,41.977,32.311,32.623
32.765,28.592,33.998,36.687,20.708,31.897,32.803,35.645
-12.415,-11.358,-18.004,-17.074,-9.612,-13.845,-15.443,-14.223
-21.04,-18.85,-22.46,-30.64,-26.907,-21.7,-20.717,-22.753
32.388,32.768,31.957,38.493,33.324,40.539,28.614,44.481
-21.34,-10.485,-25.833,-12.605,-24.359,-12.692,-20.123,-25.474
10.335,9.9145,10.763,9.7594,6.7719,11.262,8.189,9.5074
-11.489,-13.202,-11.567,-12.418,-10.61,-11.415,-10.473,-10.996
9.9614,15.776,14.688,7.9782,15.777,12.419,11.97,12.159
31.186,15.925,26.534,29.125,38.021,28.189,27.974,27.866
-21.024,-16.549,-13.421,-21.078,-19.017,-14.954,-13.871,-13.472
63.622,57.647,57.898,51.561,61.118,62.513,64.812,67.019
-10.472,-13.106,-14.65,-6.2902,-16.811,-14.417,-11.208,-10.779
-10.679,-9.7276,-12.401,-8.9568,-10.41,-10.599,-11.442,-11.064
6.928,9.3903,10.248,13.029,14.171,13.891,11.539,9.6494
0.11495,1.1448,-0.15033,4.6047,-0.2274,2.2653,2.0114,1.4894
69.081,88.343,79.07,95.956,88.121,83.742,94.416,78.934
32.09,32.75,37.536,28.753,31.89,26.62,37.096,29.267
13.563,14.097,11.575,12.473,9.357,9.2623,11.718,12.746
-16.745,-22.501,-17.976,-20.793,-16.452,-19.585,-17.74,-19.068
-3.0221,-7.008,-6.456,-2.9304,-4.819,-8.4477,-5.6895,-5.3512
101.67,100.06,99.098,101.4,100.03,93.869,99.342,96.862
-12.487,-11.966,-9.7913,-12.782,-11.17,-10.834,-13.432,-10.489
-11.808,-10.987,-13.711,-11.913,-11.338,-14.511,-10.337,-11.601
37,36.194,29.147,34.904,25.933,32.339,28.827,33.611
63.22,54.899,76.426,83.317,73.742,63.144,63.449,73.087
-23.028,-26.69,-29.145,-18.226,-23.284,-19.418,-20.93,-25.554
26.703,27.573,23.055,31.099,32.881,29.544,27.886,26.67
94.078,103.27,102.37,93.749,89.322,90.259,89.858,100.08
-23.342,-21.294,-18.066,-15.521,-26.024,-27.041,-26.766,-29.496
38.277,35.995,41.309,37.417,37.003,37.724,36.522,43.662
-2.1618,2.7873,3.9637,-0.94879,-0.30828,2.8992,6.5654,-1.0599
60.885,63.258,40.5,76.586,48.396,68.527,66.89,72.09
81.811,61.448,88.98,74.993,49.081,67.057,68.181,61.231
-8.7687,-12.72,-14.691,-11.035,-12.395,-12.261,-11.265,-10.862
-21.8,-22.403,-11.829,-28.909,-24.664,-26.493,-25.9,-18.595
2.567,2.3111,3.3738,4.0565,-0.44303,1.8258,-1.4952,3.6951
-21.704,-25.353,-36.891,-14.082,-18.987,-18.359,-17.842,-26.627
50.778,49.957,42.39,46.486,39.169,45.296,43.12,52.813
69.097,56.416,66.06,66.074,47.877,40.109,72.124,64.222
34.436,39.202,38.753,28.924,44.66,32.615,40.735,36.903
12.712,13.363,10.338,5.9222,11.504,12.053,9.578,16.178
24.035,30.604,35.514,34.265,36.326,33.275,28.536,25.768
35.909,33.944,37.764,34.373,43.363,35.148,36.913,34.312
-14.394,-26.988,-25.19,-22.843,-19.434,-31.132,-17.276,-20.583
92.474,96.599,93.911,98.909,91.862,85.466,91.612,95.28
95.622,74.779,96.684,91.732,91.831,104.54,96.479,111.17
55.002,66.314,67.939,68.893,54.992,70.982,53.765,62.364
-22.94,-15.259,-21.368,-23.775,-22.977,-22.243,-27.828,-32.034
62.395,84.584,66.858,67.539,74.241,79.1,78.774,56.769
-17.608,-11.238,-13.065,-12.038,-19.894,-13.011,-17.36,-19.759
97.401,98.99,69.551,93.483,87.968,80.511,83.269,88.446
34.212,85.84,71.136,65.693,61.202,70.83,51.478,54.002
-14.986,-21.089,-16.263,-20.212,-16.346,-20.073,-11.457,-17.848
73.476,88.225,89.673,83.312,71.248,93.536,93.161,65.329
-24.147,-18.806,-27.209,-25.405,-18.807,-26.54,-22.907,-22.048
107.16,98.768,96.594,93.92,96.57,96.996,99.714,99.043
15.655,11.202,15.931,6.26,14.685,17.672,9.1668,9.7301
13.371,17.28,13.956,13.106,11.639,7.123,9.9239,7.0733
78.54,87.062,68.661,87.351,82.962,78.051,72.397,103.51
-11.729,-11.556,-12.523,-8.1205,-8.2436,-9.2099,-8.4981,-6.1051
-14.876,-28.396,-17.668,-17.625,-21.892,-27.453,-31.943,-19.616
10.619,6.7583,10.953,8.8625,12.228,11.073,11.469,11.193
-0.99607,0.82443,1.3652,1.5412,-2.1708,0.77598,1.5945,3.9884
33.858,38.643,35.082,39.051,33.298,34.33,39.551,42.214
35.303,25.593,34.972,37.316,33.95,39.79,36.621,36.943
64.025,53.998,60.076,65.089,85.489,78.38,59.44,71.839
15.449,15.905,9.7829,10.217,11.972,15.497,11.542,11.593
9.3908,9.3922,11.606,9.975,9.7871,9.287,10.36,7.92
92.375,59.107,80.276,94.993,82.934,94.962,55.707,101.33
66.062,69.836,76.001,64.234,69.402,68.426,56.431,52.176
10.82,6.6904,12.615,12.246,17.09,17.339,12.416,9.2356
-3.4116,-3.049,-1.0621,-5.265,-3.2807,1.4693,-7.4871,-10.088
-15.348,-16.621,-20.498,-22.188,-12.427,-18.174,-16.318,-13.089
-24.744,-26.367,-28.315,-10.11,-23.042,-19.522,-20.681,-23.439
4.0316,3.7278,5.4624,2.4998,2.0755,5.7701,5.251,1.0881
-1.6069,-1.9543,-0.63805,1.8609,0.27719,1.1153,2.4144,3.0118
27.748,22.989,31.128,56.257,20.757,35.225,42.749,30.408
28.028,34.117,19.38,24.966,38.088,31.984,26.4,32.493
42.475,27.422,35.544,39.242,39.795,31.642,34.595,32.898
-21.283,-16.074,-25.741,-20.343,-26.159,-19.94,-22.147,-21.038
33.29,42.095,37.928,37.022,30.671,37.946,49.767,32.394
93.104,99.828,107.55,81.85,86.257,108.45,96.965,87.817
19.304,33.185,31.939,23.349,22.812,31.058,31.889,26.362
-22.299,-14.759,-25.212,-21.688,-17.288,-15.606,-18.11,-25.344
47.313,38.349,52.831,49.843,50.021,59.689,42.532,35.837
10.935,16.708,11.939,12.172,16.619,13.544,13.777,13.625
2.4486,1.4169,-0.94475,2.3126,0.45558,4.0198,-1.5995,0.51859
-14.16,-9.9518,-8.8024,-10.352,-14.607,-8.4121,-14.194,-10.299
101.14,109.74,107.42,100.96,93.435,109.18,92.846,96.136
26.947,36.756,33.393,19.177,30.124,42.998,16.391,25.429
-17.006,-13.946,-22.218,-24.789,-15.642,-29.128,-19.694,-30.27
44.392,48.292,46.086,38.94,50.773,43.414,44.647,55.379
43.511,32.248,34.084,33.705,43.653,27.348,35.169,33.999
-21.186,-20.253,-17.735,-22.543,-15.222,-20.038,-21.122,-19.687
39.34,38.827,23.476,33.397,28.712,25.197,24.104,33.403
98.01,94.8,101.28,105.29,95.305,94.9,92.51,108.68
2.3288,0.84329,1.5635,2.4602,-0.88384,2.89,2.66,-0.94317
65.759,51.864,70.255,76.312,79.806,75.488,62.042,97.044
37.583,38.347,35.561,41.524,34.338,30.907,35.956,40.201
-17.626,-19.599,-21.928,-23.238,-20.426,-15.417,-23.738,-20
4.0767,1.6597,2.2488,1.1996,2.0588,1.2849,0.90768,1.2034
26.378,26.371,25.708,26.66,35.493,41.29,31.338,26.864
7.2583,10.203,9.9473,9.806,10.862,8.9012,9.5108,9.6633
37.805,36.775,30.893,31.087,27.808,25.234,35.27,36.303
-29.124,-23.465,-25.127,-22.143,-21.622,-18.987,-19.699,-18.151
63.34,88.286,52.651,46.978,54.098,81.153,72.967,62.644
-0.60913,-0.99464,-1.4787,-0.14324,3.0057,-2.1366,-0.55338,3.789
85.911,101.55,102.83,83.452,98.892,102.52,87.628,100.64
-17.618,-22.914,-19.646,-21.538,-18.837,-18.487,-21.266,-18.108
93.406,69.596,66.151,64.858,75.497,99.486,91.469,82.254
-17.979,-22.423,-19.307,-21.343,-20.38,-20.946,-22.182,-18.953
-12.107,-14.544,-15.171,-18.177,-18.903,-15.94,-13.959,-16.979
0.84913,2.9402,2.856,5.3133,4.9068,2.4069,3.6221,2.4428
11.013,7.0526,12.737,10.524,7.5715,10.006,10.029,9.6606
45.414,55.135,49.172,57.258,52.044,47.092,37.027,50.543
-17.665,-19.398,-21.945,-20.14,-18.014,-20.282,-20.679,-20.542
-12.468,-12.877,-9.9737,-12.367,-13.507,-12.446,-10.291,-12.281
35.276,37.532,30.084,27.306,17.665,21.58,33.826,21.055
52.301,86.32,65.429,70.468,52.943,69.033,51.879,62.26
59.753,57.969,85.985,70.266,80.268,60.817,81.327,62.874
58.048,57.544,55.901,57.883,57.732,65.64,46.715,44.597
